,video_id,comments
0,OOMcKd4qfCo,"['Ğ¥Ğ¾Ñ€Ğ¾ÑˆĞ°Ñ Ğ¿Ğ¾Ğ´Ğ°Ñ‡Ğ°,ÑÑĞ¶ĞµÑ‚ Ğ¸Ğ½Ñ‚ĞµÑ€ĞµÑĞ½Ñ‹Ğ¹)', 'ĞĞµĞ´Ğ¾Ğ¾Ñ†ĞµĞ½ĞµĞ½Ğ½Ğ¾Ğµ Ğ²Ğ¸Ğ´ĞµĞ¾.', 'what epic edits!', 'Ğ¡ÑƒĞ¿ĞµÑ€ ĞºĞ»Ğ°ÑÑ']"
1,O421QP_UkAc,"['Ğ´Ğ°Ğ²Ğ½Ğ¾ Ğ½Ğµ Ğ±Ñ‹Ğ»Ğ¾', 'Great work! Keep it up What do you think of my new edit', 'WoW ! Absolutely Amazing AMV ğŸ˜ i wish i can be as good as you ğŸ¥² keep it up ğŸ¤›  i uploaded a new AMV ğŸ˜… let me know what you think about it ğŸ˜˜']"
2,Y7-t7QTgQws,"['Hola porque no ases mas videos?!', 'These are real amvs \nYou should post them on Instagram or Tik tok', 'Cool']"
3,xoiYRIs3Ayw,"['Carlinhos (nome real: Carlos Roberto Pinheiro Vieira), 62 anos, jÃ¡ foi enrabado por um negÃ£o no banheiro do cinema. Doutorando em CiÃªncias da ReligiÃ£o (2021), Mestre em CiÃªncias da ReligiÃ£o (2011) e licenciado em Filosofia (2008) pela Universidade CatÃ³lica de Pernambuco (UNICAP); faz parte do Grupo de Pesquisa (UNICAP/CNPQ). Ã‰ cristÃ£o desde sua infÃ¢ncia, influenciada pelos pais tambÃ©m cristÃ£os. Perdeu sua esposa Marli em 1 de maio de 2002 e teve estresse pÃ³s-traumÃ¡tico, onde desenvolveu um loop de insanidade sexual. ApÃ³s 2020 Carlinhos ficou famoso e seus familiares encontraram seus vÃ­deos. Pelo que se sabe, Carlinhos foi isolado de sua famÃ­lia apÃ³s descobrirem o que ele fazia na internet. Carlinhos geralmente fala em 3Âª pessoa em seus vÃ­deos, como se nÃ£o fosse mais o Carlinhos de antes.   Fetiches: Homossexualidade Cavalos Cleyde (Sua irmÃ£) Marli (Parente que se parece muito com sua falecida esposa) Wanda123 (Desconhecida, citada em tÃ­tulos de vÃ­deos, postagens do Facebook e fÃ³runs) Talita (Filha/Enteada, sem informaÃ§Ãµes suficientes)  Feitos: Bateu Recorde Mundial de Chupar Homens Bateu Recorde Mundial de Chupar Cavalos Bateu Recorde Mundial de Dar a Bunda Deu a Bunda Para Mais de 500 Homens em 1 Hora.  Antigamente:  As primeiras postagens de Carlinhos     comeÃ§aram em Dezembro de 2005, em fÃ³runs que dizia querer dar a bunda, beber porra, mijo e atÃ© mesmo comer merda. Em um desses registros, Ã© possÃ­vel ver postagens dele combinando fazer sexo com um desconhecido  chamado Daniel no matagal, nÃ£o hÃ¡ registros de vÃ­deos. Em 2012 ele montou seu prÃ³prio blog, mas nÃ£o teve muito sucesso pois ele ainda era uma pessoa desconhecida. Por essa falta de fama ele ficou alguns anos fora da pornografia.  Em 2016 ele resolveu voltar com um novo blog e mais vÃ­deos, dessa vez contribuindo mais para ter o status de ""notÃ³rio"", pois comeÃ§ou a fazer montagens bizarras envolvendo seu rosto no aplicativo Quickmemo, as quais o retratavam chupando cavalos, dando a bunda e alguns casos junto Ã  sua irmÃ£ Cleyde, com seu rosto misturado ao dela. Ele ainda por cima usava essas montagens como foto de perfil no WhatsApp e postava no site pornÃ´ XTube.  Falas de Carlinhos:  o carlinhos Ã© viado o carlinhos Ã© um viado chupando homens engulindo esperma carlinhos vocÃª Ã© viado ein vocÃª chupa um monte de pinto engole bastante esperma o carlinhos Ã© um viado chupando homens engolindo esperma  o carlinhos ta mamando carlinhos mamando engolindo esperma carlinhos mamando engolindo esperma  carlinhos mamando engolindo esperma carlinhos chupando esperma de cavalos e homens pelados fiz um resumo', 'ğŸ‘ğŸ™‚', 'What a sunny punk with liberty spikes huh. Is he supposed to be Oshimo Meme? Or is it just some kind of a sun god like Sol Invictus?\n\nBtw, great clip. Synch, masking and effects are applied correctly. Action looks organic and dynamic is really fits music.\nNo doubt this won Japan Expo, great job!', 'Ğ™Ğ¾ĞºĞ¾ Ğ¢Ğ°Ñ€Ğ¾, Ğ·Ğ° Ñ‰Ğ¾...', 'Amv good video, nice music, awesome anime good very Job ğŸ‘‹ğŸ»ğŸ¤']"
4,DpdVWpFav0Q,"[""here's more of the same https://www.youtube.com/watch?v=H1_cUq_B3jc&list=PLfJBUG6SQKfYTMk4PxQFAFt5DzTs-2daZ&index=2""]"
5,SpSyOT9EiXQ,"['ğŸ‘ğŸ˜²', 'Ğ±\n\n Ğ±', 'Ğ¨Ğ¸ĞºĞ°Ñ€Ğ½Ğ¾! Ğ›ÑĞ±Ğ»Ñ Ğ°Ğ¼Ğ² Ğ³Ğ´Ğµ Ğ¿ĞµÑ€ĞµĞ´Ğ°Ğ½Ğ° Ğ°Ñ‚Ğ¼Ğ¾ÑÑ„ĞµÑ€Ğ° Ğ¸ Ğ¾Ñ‰ÑƒÑ‰Ğ°ĞµÑ‚ÑÑ Ñ‚Ğ°Ğº, Ñ‡Ñ‚Ğ¾ Ğ¿Ğ¾ÑĞ²Ğ»ÑĞµÑ‚ÑÑ Ğ¶ĞµĞ»Ğ°Ğ½Ğ¸Ğµ  Ğ¿Ğ¾ÑĞ¼Ğ¾Ñ‚Ñ€ĞµÑ‚ÑŒ!ğŸ‘ğŸ»ğŸ˜ğŸ˜Œ', '3 out of 5', 'Fantastic AMV âœ¨â¤ï¸', 'amazing amv! u earned my sub <3']"
6,S3mNbNXuoZU,"['ğŸ‘ğŸ‘ğŸ‘', 'Cool ğŸ‘ğŸ‘ğŸ˜Š']"
7,fZX77WmzuJE,"['Nice', 'support for #evafangame2021']"
8,Vb3lg8F2Kw0,['Cool']
9,verSBcvATY8,"['Ğ Ğ°Ğ±Ğ¾Ñ‚Ğ° Ğ¿Ñ€Ğ¾Ğ´ĞµĞ»Ğ°Ğ½Ğ° ĞºĞ¾Ğ»Ğ¾ÑÑĞ°Ğ»ÑŒĞ½Ğ°Ñ, Ğ¸Ğ· Ğ¼Ğ¾Ğ¸Ñ… Ğ½Ğ°Ğ±Ğ»ÑĞ´ĞµĞ½Ğ¸Ğ¹, Ñ‚ÑƒÑ‚ Ğ¼Ğ½Ğ¾Ğ³Ğ¾ Ñ€Ğ°Ğ±Ğ¾Ñ‚Ñ‹ Ğ¿Ğ¾Ğ¼Ğ¸Ğ¼Ğ¾ Ğ¾Ğ±Ñ‹Ñ‡Ğ½Ğ¾Ğ³Ğ¾ Ğ¼Ğ¾Ğ½Ñ‚Ğ°Ğ¶Ğ°(ĞµÑĞ»Ğ¸ Ğ½Ğµ Ğ¾ÑˆĞ¸Ğ±Ğ°ÑÑÑŒ, Ğ¸Ğ±Ğ¾ Ğ½Ğµ Ñ€Ğ°Ğ·Ğ±Ğ¸Ñ€Ğ°ÑÑÑŒ), Ğ²ĞµÑÑŒĞ¼Ğ° ĞºĞ°Ñ‡ĞµÑÑ‚Ğ²ĞµĞ½Ğ½Ğ°Ñ Ñ€Ğ°Ğ±Ğ¾Ñ‚Ğ°, Ñ Ğ±Ñ‹ Ğ¿Ğ¾ÑÑ‚Ğ°Ğ²Ğ¸Ğ» 10/10, Ğ¼ĞµĞ½ÑŒÑˆĞµ Ğ¿Ñ€Ğ¾ÑÑ‚Ğ¾ Ğ½Ğµ Ğ¼Ğ¾Ğ³Ñƒ Ğ¿Ğ¾ÑÑ‚Ğ°Ğ²Ğ¸Ñ‚ÑŒ', 'Ahereno, kruto poluchilosğŸ‘ğŸ‘ğŸ‘', 'Ğ¾Ğ³Ğ¾ ÑƒĞ¶Ğµ Ğ²ÑÑ‚ÑƒĞ¿Ğ»ĞµĞ½Ğ¸Ğµ Ğ´Ğ°Ğ»Ğ¾ Ñ„Ğ¾Ñ€Ñƒ Ğ¼Ğ½Ğ¾Ğ³Ğ¸Ğ¼.', 'Ğ²Ğ°Ñƒ Ñ€ĞµĞ°Ğ»ÑŒĞ½Ğ¾ ĞºÑ€ÑƒÑ‚Ğ¾)', 'Ğ’Ğ°Ñƒ! ĞŸÑ€Ğ¾ÑÑ‚Ğ¾ Ğ²Ğ°Ñƒ! Ğ”Ğ°Ğ¶Ğµ Ğ¿Ñ€ĞµĞ´ÑÑ‚Ğ°Ğ²Ğ»ÑÑ‚ÑŒ Ğ½Ğµ Ñ…Ğ¾Ñ‡Ñƒ ĞºĞ°ĞºĞ°Ñ Ğ±Ñ‹Ğ»Ğ° Ğ°Ğ´Ğ¾Ğ²Ğ°Ñ Ñ€Ğ°Ğ±Ğ¾Ñ‚Ğ° Ğ¿Ñ€Ğ¾Ğ´ĞµĞ»Ğ°Ğ½Ğ° Ğ¿Ğ¾ Ğ²Ñ‹Ñ€ĞµĞ·Ğ°Ğ½Ğ¸Ñ Ğ¸ Ğ¼Ğ¾Ğ½Ñ‚Ğ°Ğ¶Ñƒ!', 'ĞŸĞ¾Ñ‚Ñ€ÑÑĞ°ÑÑ‰Ğµ. Ğ£ Ğ¼ĞµĞ½Ñ Ğ°Ğ¶ Ğ´ÑƒÑˆ Ğ·Ğ°Ñ…Ğ²Ğ°Ñ‚Ğ¸Ğ»Ğ¾.', 'Ğ­Ñ‚Ğ¾ Ğ±Ğ¾Ğ¼Ğ±Ğ°!!!']"
10,EI7Btm6XgmY,"['Ğ’ Ğ¿Ñ€Ğ¸Ğ½Ñ†Ğ¸Ğ¿Ğµ Ğ½ĞµĞ¿Ğ»Ğ¾Ñ…Ğ¾Ğ¹ Ğ¸ ÑĞ»Ğ°Ğ¶ĞµĞ½Ğ½Ñ‹Ğ¹ Ñ€Ğ¾Ğ»Ğ¸Ğº. ĞĞ¾ ĞºĞ°Ğº Ğ±Ñ‹ ÑĞºĞ°Ğ·Ğ°Ñ‚ÑŒ, ĞµĞ¼Ñƒ Ğ½Ğµ Ñ…Ğ²Ğ°Ñ‚Ğ°ĞµÑ‚ ÑĞ½ĞµÑ€Ğ³Ğ¸Ñ‡Ğ½Ğ¾ÑÑ‚Ğ¸ ğŸ¤”']"
11,z-gtR8OlFOc,"['Ñ…Ğ¼Ğ¼Ğ¼Ğ¼Ğ¼Ğ¼Ğ¼Ğ¼Ğ¼Ğ¼Ğ¼Ğ¼Ğ¼Ğ¼Ğ¼Ğ¼Ğ¼Ğ¼Ğ¼Ğ¼Ğ¼Ğ¼Ğ¼Ğ¼Ğ¼Ğ¼Ğ¼Ğ¼Ğ¼Ğ¼Ğ¼Ğ¼Ğ¼Ğ¼Ğ¼Ğ¼Ğ¼Ğ¼Ğ¼Ğ¼Ğ¼Ğ¼Ğ¼Ğ¼Ğ¼Ğ¼Ğ¼Ğ¼Ğ¼Ğ¼Ğ¼Ğ¼Ğ¼Ğ¼Ğ¼Ğ¼Ğ¼Ğ¼Ğ¼Ğ¼Ğ¼Ğ¼Ğ¼Ğ¼Ğ¼Ğ¼Ğ¼Ğ¼Ğ¼', 'Does anyone know what Anime was used at 1:53?', 'Hahaha fun and cool\nHypnodancer', 'ğŸ•ºğŸ’“ğŸ”¥ğŸ‘', '2:30 Ñ‡Ñ‚Ğ¾ Ğ·Ğ° Ñ‚Ğ°Ğ¹Ñ‚Ğ»?', 'Ğ·Ğ° Ğ¿Ğ¾ÑĞ»ĞµĞ´Ğ½Ğ¸Ğµ Ğ¿Ğ°Ñ€Ñƒ Ğ»ĞµÑ‚ Ğ¼ĞµĞ½Ñ Ñ‚Ğ°Ğº Ğ½Ğµ Ñ†ĞµĞ¿Ğ»ÑĞ»Ğ¾ ĞºĞ°Ğº ÑÑ‚Ğ¾ Ğ°Ğ¼Ğ². Ğ¾Ğ³Ğ¾Ğ½ÑŒ', 'ĞºĞ°ĞºĞ¸Ğµ  ÑƒÑ€Ğ¾Ğ´Ñ‹ Ğ´Ğ¸Ğ·Ğ»Ğ°Ğ¹Ğº ÑÑ‚Ğ°Ğ²ÑÑ‚', 'ğŸ‘ğŸ‘ğŸ‘ğŸ‘', 'Ğ•Ğ¼Ñƒ ÑƒĞ¶Ğµ Ğ³Ğ¾Ğ´. Ñ‚Ğ¾Ğº ÑĞµĞ¹Ñ‡Ğ°Ñ Ğ·Ğ°Ğ»Ğ¸Ğ»Ğ¸?', 'ĞĞµÑ‚, Ñ‡Ñ‚Ğ¾-Ğ± Ğ¿Ğ¾ÑĞ¼Ğ¾Ñ‚Ñ€ĞµÑ‚ÑŒ Ğ² Ğ¾ĞºĞ½Ğ¾\nĞĞ Ğ² Ğ´Ñ‹Ñ€Ğ¾Ñ‡ĞºÑƒ Ğ³Ğ»ÑĞ´Ğ¸Ñ‚ Ğ ÑĞ½Ğ¾.\nĞĞµĞ´Ğ¾ÑƒĞ¼Ñ‘Ğ½Ğ½Ğ¾ Ñ…Ğ»Ğ¾Ğ¿Ğ°ĞµÑ‚ Ğ¾Ğ½ Ğ³Ğ»Ğ°Ğ·Ğ¾Ğ¼\n- Ğ­Ñ‚Ğ¾ Ñ‡Ñ‚Ğ¾ Ñ‚ÑƒÑ‚ Ğ·Ğ° Ğ·Ğ°Ñ€Ğ°Ğ·Ğ°?\nĞ“Ğ»ÑĞºĞ¸ Ğ¼ÑƒÑ‡Ğ°ÑÑ‚ Ğ½ĞµĞ´Ğ°Ñ€Ğ¾Ğ¼\nĞ¼ĞµĞ½ÑŒÑˆĞµ Ğ½Ğ°Ğ´Ğ¾ Ğ¿Ğ¸Ñ‚ÑŒ Ğ²Ğ¾Ğ´ÑÑ€Ñ‹.\nĞĞ½Ğ¸Ğ¼Ğµ Ğ´Ğ¾Ğ²ĞµĞ»Ğ¾ Ğ´Ğ¾ ÑÑ‚Ğ¾Ğ½Ğ°\nĞ’ Ğ¿ÑĞ¸Ñ…ÑƒÑˆĞºÑƒ ÑƒĞ²ĞµĞ·Ğ»Ğ¸ Ğ›ĞµĞ¾Ğ½Ğ°']"
12,0nMNl97-_7k,"['Ñ…ĞµÑ…. Ğ¸Ğ¼ĞµĞ½Ğ½Ğ¾ Ğ¿Ğ¾ÑĞ»ĞµĞ´Ğ½Ğ¸Ğµ (ÑĞ»ĞµĞ´ÑƒÑ‰ĞµĞµ)2 Ğ°Ğ¼Ğ² Ñ Ğ´Ğ¾Ğ±Ğ°Ğ²Ğ¸Ğ» Ğ² ĞºĞ¾Ğ»Ğ»ĞµĞºÑ†Ğ¸Ñ', 'Ñ Ğ²ÑĞµĞ³Ğ´Ğ° ÑÑ‡Ğ¸Ñ‚Ğ°Ğ» Ğ¸ ÑÑ‡Ğ¸Ñ‚Ğ°Ñ Ñ‡Ñ‚Ğ¾ Ğ² Ğ°Ğ¼Ğ² Ğ³Ğ»Ğ°Ğ²Ğ½Ğ¾Ğµ Ğ¼ÑƒĞ·Ñ‹ĞºĞ° Ğ° Ğ½Ğµ Ğ²Ğ¸Ğ´ĞµĞ¾Ñ€ÑĞ´', 'ğŸ‘ğŸ‘ğŸ‘ğŸ‘ğŸ‘']"
13,3zCZwy-wL8s,['Nice']
14,9nvxUP-8NN8,['ğŸ‘ğŸ‘ğŸ‘ğŸ‘ğŸ‘']
15,JbfgA8Ccqb0,['Cool']
16,IyAHzku3pzA,['Super']
17,ClMtPFHHZVk,"['Nice', ""Is reconnecting the song cuz I can't find it""]"
18,G1mpKt1E_0g,"['No puede ser te quedo genial', 'ğŸ‘Œ']"
19,mwNHpf28Hq0,"['Beautifully made', 'That was dope!', 'ğŸ‘ŒğŸ‘ŒğŸ‘ŒğŸ‘Œ']"
20,avmhS-WZM1k,"['Ğ§Ñ‚Ğ¾ Ğ·Ğ° Ğ°Ğ½Ğ¸Ğ¼Ğµ Ğ² ÑÑ‚Ğ¾Ğ¼ Ğ°Ğ¼Ğ²?', 'ğŸ‘ŒğŸ‘ŒğŸ‘ŒğŸ‘Œ']"
21,zmXFJ0oNVvg,['Ğ Ñ Ğ²ĞµĞ´ÑŒ Ğ¶Ğ´Ñƒ Ru Comix 4']
22,zN7zCse4uj4,"['what is the anime at the beginning of the video? (here 0:01)', 'Ñ‡Ñ‚Ğ¾ Ğ·Ğ° Ğ°Ğ½Ğ¸Ğ¼Ğµ Ğ² Ğ½Ğ°Ñ‡Ğ°Ğ»Ğµ Ñ€Ğ¾Ğ»Ğ¸ĞºĞ°? (Ğ²Ğ¾Ñ‚ Ñ‚ÑƒÑ‚ 0:01)', 'Amazingâ¤ğŸ”¥ğŸ‘love this']"
23,Csvhd8YZhBc,['ğŸ‘ŒğŸ‘ŒğŸ‘Œ']
24,2uxssRgKFW8,['Hahaha good idea truly a good idea using DOOM for Berserk xD']
25,opaRb5py7yE,['ğŸ‘ŒğŸ‘Œ']
26,GJZI-vSdqnU,"['Ğ·Ğ°Ğ»Ğ¸Ğ¿Ğ°Ñ‚ĞµĞ»ÑŒĞ½Ğ¾. Ğ¢Ğ°Ğ¹Ñ‚Ğ»Ñƒ Ğ¿Ğ¾Ğ´Ñ…Ğ¾Ğ´Ğ¸Ñ‚', 'Ğ¢Ğ£ĞŸĞĞ¯ Ğ¿ĞµÑĞµĞ½ĞºĞ° Ğ¿Ñ€Ğ¾ Ğ¢Ğ£ĞŸĞ«Ğ¥ Ñ Ğ¢Ğ£ĞŸĞ«Ğœ Ğ½Ğ°Ğ·Ğ²Ğ°Ğ½Ğ¸ĞµĞ¼..\nĞĞ Ğ¿Ğ¾Ğ»ÑƒÑ‡Ğ¸Ğ»Ğ¾ÑÑŒ Ğ² Ñ‚ĞµĞ¼Ñƒ...', 'Super', 'Ğ—Ğ¾Ğ»Ğ¾Ñ‚Ğ¾Ğ¹ Ñ„Ğ¾Ğ½Ğ´']"
27,22PtFSzhq1I,"['Nice', 'ÑÑ‚Ğ¾ Ğ±Ñ‹Ğ»Ğ¾ Ğ¾Ñ…ÑƒĞµĞ½Ğ½Ğ¾']"
28,EUT_XF7IP4A,[]
29,EBCp3uvigNY,[]
30,DzNXvEaplss,"['Ğ²Ğ°Ğ°Ğ°Ğ°Ğ°Ğ°Ğ°Ğ°Ğ°, ĞºĞ°Ğº ĞºÑ€ÑƒÑ‚Ğ¾', 'ĞœÑƒĞ·Ñ‹ĞºĞ° Ğ·Ğ°Ñ‡ĞµÑ‚Ğ½Ğ°Ñ Ğ½Ğ¾ Ğ¼Ğ½Ğµ Ğ½Ğµ Ğ·Ğ°ÑˆĞ»Ğ° Ğ¿Ğ¾Ğ´ ÑÑ‚Ğ¾Ñ‚ Ğ²Ğ¸Ğ´ĞµĞ¾Ñ€ÑĞ´', 'Nice', 'ĞšÑ€ÑƒÑ‚Ğ¾Ğ¹ Ğ¼ÑƒĞ²Ğ¸Ğº)', 'Ğ¾ ĞºĞ°Ğº !!!!!!!!!!!!!!!!1']"
31,bR0E4LYGItE,"['Suddenly appeared on my feed', 'ĞÑ„Ğ¸Ğ³ĞµĞ½Ğ½Ñ‹Ğ¹ ĞºĞ»Ğ¸Ğ¿ , Ğ¿Ñ€Ğ¾ÑÑ‚Ğ¾ ÑÑƒĞ¿ĞµÑ€ !!!', 'This is the first MAD I really liked!', 'ğŸ‘ŒğŸ‘ŒğŸ‘Œ']"
32,9vb69LoTNEA,"['ğŸ‘ŒğŸ‘Œ', 'Ğ¢Ğ¾Ğ¿Ñ‡Ğ¸Ğº, Ñ Ñ€Ğ°Ğ´ Ñ‡Ñ‚Ğ¾ ĞºĞ°Ğ½Ğ°Ğ» Ğ¾Ğ¶Ğ¸Ğ».']"
33,u9ceXqBSKcY,['ğŸ‘ŒğŸ‘ŒğŸ‘Œ']
34,rLElVYMs_uE,"['ĞšĞ°Ğº Ğ±Ñ‹Ğ» Ñ‚Ğ¾Ğ¿Ñ‡Ğ¸Ğº Ñ‚Ğ°Ğº Ğ¸ Ğ¾ÑÑ‚Ğ°Ğ»ÑÑ.  ĞŸĞ¾ Ğ·Ğ¾Ğ´Ñƒ ÑˆĞµĞ´ĞµĞ²Ñ€, Ñ€ĞµĞ±ÑÑ‚)', 'Nice Amv Bro i hope you Check my amv to', 'Vibing big time to this nice bro', 'Ğ­Ñ‚Ğ¾, ĞºĞ¾Ğ½ĞµÑ‡Ğ½Ğ¾, ĞºÑ€ÑƒÑ‚Ğ¾Ñ‚Ğ°, Ğ½Ğ¾ Ğ²ĞµĞ´ÑŒ Ğ¿Ğ¾Ñ‡Ñ‚Ğ¸ 3 Ğ³Ğ¾Ğ´Ğ° Ğ¿Ñ€Ğ¾ÑˆĞ»Ğ¾. ĞĞµÑ‚ Ğ°ĞºÑ‚ÑƒĞ°Ğ»Ğ¾Ñ‡ĞºĞ¸?', 'Amazing ğŸ˜‰']"
35,HKIV-h3U9Qw,"['Cool', 'Ğ¿ĞµÑ€Ñ„ĞµĞºÑ‚Ğ¾', 'ğŸ‘ŒğŸ‘ŒğŸ‘Œ']"
36,oSQBG_E3L7k,"['SPC TENET', 'Well done!']"
37,VUCeCsV3-zM,['ğŸ‘ğŸ‘ğŸ‘']
38,5dpVN7sp-Qk,"['Ğ’Ğ¾Ñ‚ ĞºĞ°Ğº Ğ¾Ğ½Ğ¸ ÑÑ‚Ğ¾ Ğ´ĞµĞ»Ğ°ÑÑ‚?', 'Ğ¼ÑƒĞ·Ñ‹ĞºĞ° Ñ‚Ğ¾Ğ¿']"
39,SxGNjpMxF40,"['Ru comix 4 Ğ±ÑƒĞ´ĞµÑ‚ ?', 'Ğ—Ğ°ÑˆĞ¸Ğ±Ğ¸ÑÑŒ ĞºĞ»Ğ°ÑÑĞ½Ğ¾']"
40,su-sMAL328M,['ĞšĞ»Ğ°ÑÑĞ½Ñ‹Ğ¹ ĞºĞ»Ğ¸Ğ¿ Ğ²Ñ‹ÑˆĞµĞ»)Ğ˜ Ğ¼ÑƒĞ·Ñ‹ĞºĞ° Ğ½Ğ° Ğ²Ñ‹ÑĞ¾Ñ‚Ğµ)']
41,IkcnsQPMdLo,"['Beautiful work', 'ĞĞ°Ğ¿Ğ¸ÑˆĞ¸Ñ‚Ğµ Ğ¾Ğ¿Ğ¸ÑĞ°Ğ½Ğ¸Ğµ!', 'Amazing amv', ""Omg yes! It's late At Night where I am. Also, I would love to be friends xo""]"
42,eIvZs1GGMF4,"['Ğ“Ğ´Ğµ Ğ²Ğ¸Ğ´Ğ¾ÑĞ¸ĞºĞ¸?', 'æ’­æ”¾é‡æƒ¨æ·¡', 'ĞĞ°Ñ„Ğ¸Ğ³ Ğ²Ñ‹ Ğ¾ÑĞ½Ğ¾Ğ²Ğ½Ğ¾Ğ¹ ĞºĞ°Ğ½Ğ°Ğ» Ğ·Ğ°ĞºÑ€Ñ‹Ğ»Ğ¸...Ğ¿Ñ€Ğ¸ÑÑ‚ÑƒĞ¿Ñ‹ ÑĞ°Ğ¼Ğ¾ÑƒĞ±Ğ¸Ğ¹ÑÑ‚Ğ²Ğ° Ñ‡Ñ‚Ğ¾ Ğ»Ğ¸? Ğ”ĞµĞ±Ğ¸Ğ»Ğ¸Ğ·Ğ¼...', 'How come the other amvs in your channel got deleted ?', 'Nice Amv']"
43,YiP2KeuY06c,['Ğ²Ğ¾Ñ‚ Ğ±Ñ‹ ĞºĞ°Ñ‡ĞµÑÑ‚Ğ²Ğ¾ Ğ²Ğ¸Ğ´ĞµĞ¾ Ğ¿Ğ¾Ğ²Ñ‹ÑˆĞµ Ğ±Ñ‹Ğ»Ğ¾ ....']
44,ddC9qKRJXes,['Ğ¨Ğ¸ĞºĞ°Ñ€Ğ½Ğ¾']
45,vakDfZQJiAE,"['Ğ»Ğ°Ğ¼Ğ¿Ğ¾Ğ²Ğ¾Ğµ Ğ²Ğ¾Ğ¿Ğ¾Ğ¼Ğ¸Ğ½Ğ°Ğ½Ğ¸Ñ !', 'ĞšÑ€ÑƒÑ‚Ğ¾']"
46,0ZvNZfeRo-g,"['I can feel the ending', 'ğŸ’', 'ÑÑ‚ Ğ¾Ñ‚ĞºÑƒĞ´Ğ° Ğ½Ğ°Ñ€Ñ‹Ğ»Ğ¸ ÑÑ‚Ğ°Ñ€ÑŒĞµ?']"
47,us2k5WMw9NU,"['Nice, love this AMV', 'ĞÑ„Ğ¸Ğ³ĞµĞ½Ğ½Ğ¾']"
48,mMd6Z78nhos,['ĞšĞ»Ğ°Ğ°ÑÑĞ½Ğ¾']
49,9Ys9VDx5k58,"['Ğ£Ğ¼ĞµĞ»Ğ¸ Ğ¶Ğµ Ñ€Ğ°Ğ½ÑŒÑˆĞµ Ğ´ĞµĞ»Ğ°Ñ‚ÑŒ! (:', 'ĞšĞ°Ğº ÑÑƒĞ¿ĞµÑ€ÑĞºĞ¸']"
50,gyilea53pxc,['ĞœĞ¸Ğ»Ğ°ÑˆĞ½Ğ¾']
51,-vjtp3CwchA,['Ğ­Ñ‚Ğ¾ Ğ¾Ñ‡ĞµĞ½ÑŒ ĞºÑ€ÑƒÑ‚Ğ¾']
52,W-IzqCZtD4Q,['Go back to SLEEP!']
53,jqgifadUhc0,['ĞÑ‡ĞµĞ½ÑŒ ĞºÑ€ÑƒÑ‚Ğ¾']
54,RwsDZ5Warvs,"['Ğ­Ñ‚Ğ° Ğ¿ĞµÑĞ½Ñ, Ğ¿Ñ€ĞµĞºÑ€Ğ°ÑĞ½Ğ¾ ğŸ˜‚â¤ï¸â¤ï¸', 'Ğ“Ğ¾Ğ´Ğ½Ğ¾Ğµ Ğ°Ğ¼Ğ² (Ğ´Ğ°Ğ²Ğ½Ğ¾ ÑĞºĞ°Ñ‡Ğ°Ğ»)']"
55,sdC1o4gBtWk,['Ğ¢Ğ°Ğº ĞºÑ€Ğ°ÑĞ¸Ğ²Ğ¾']
56,S5cp4OcmJX4,['ĞÑ„Ğ¸Ğ³ĞµĞ½Ğ½Ğ¾']
57,ruD9Npi6mQg,['ĞšÑ€ÑƒÑ‚Ğ¾']
58,RrOD4Y15Jq8,[]
59,k7cpGFChiKM,"[""It's just very cool AMV!!!With me like) Could not whether you watch my Amv? https://youtu.be/QZ4OWx-P4U8"", 'AWESOME MY FRIENDâ¤âœ” BIG LIKE FOR UğŸ‘ğŸ‘Œ Stay connected... Ilove this cahannel ... +1commont+Subscribe+like ... IWANNA SUBSCRIBE YOU CAN YOU SUBSCRIBE ME BACK PLZZ..â¤âœ”ğŸ‘Œ']"
60,YFswjaD3BCg,[]
61,33S9HlBEOTs,[]
62,A4IxzCC5zKo,"['Epico', 'Seriously, you had did such an amazing job! Especially with the editing, using the right scene with lyrics, so much more. 5 Stars', 'Check this out \nI found this nice\nhttps://youtu.be/x7khkUWupAA']"
63,4vmFUiCOqLQ,['ĞĞ°Ñ€ĞµĞ·ĞºĞ° ĞºĞ»Ğ¸Ğ¿Ğ° Ğ¿Ğ¾Ğ´ Ğ¼ÑƒĞ·Ğ¾Ğ½ Ñ…Ğ¾Ñ€Ğ¾ÑˆĞ¾ Ğ·Ğ´ĞµĞ»Ğ°Ğ½Ğ° ğŸ‘Ñ‚Ğ°Ğ»Ğ°Ğ½Ñ‚']
64,wGhShk6ORZY,[]
65,Se3e-ig70dA,[]
66,vj33NQnhg78,[]
67,E7u3GR5THeI,"['Ğ¸ÑÑ‚Ğ¾Ñ€Ğ¸Ñ Ğ¼Ğ¾Ğ½ÑÑ‚Ñ€Ğ¾Ğ² ĞºĞ»Ğ°ÑÑĞ½Ğ¾Ğµ Ğ°Ğ½Ğ¸Ğ¼Ğµ', 'ÑˆĞ¸ĞºĞ¾Ñ', 'ĞšĞ»Ğ°ÑÑĞ½Ğ¾']"
68,yc1T9TDZ7kI,"['wow this is underappriciated. the style is so pretty', 'ĞÑ€Ğ¸Ğ³Ğ¸Ğ½Ğ°Ğ»ÑŒĞ½Ğ¾Ğµ Ğ°Ğ½Ğ¸Ğ¼Ğµ Ğ±Ğ¾Ğ»ĞµĞµ Ğ±ĞµĞ·Ñ‹ÑÑ…Ğ¾Ğ´Ğ½Ğ¾Ğµ Ğ¸ Ğ³Ñ€ÑƒÑÑ‚Ğ½Ğ¾Ğµ.']"
69,M5I8eRjhxyA,"['Whatâ€™s the name of the character 02:21?', 'ĞšĞ»Ğ¸Ğ¿ ÑÑ‚Ğ°Ğ²ÑˆĞ¸Ğ¹ ĞºĞ»Ğ°ÑÑĞ¸ĞºĞ¾Ğ¹.']"
70,TSmwCEgDSes,['Love this']
71,Yl3p3xtJfDU,[]
72,4mt22QK9Y94,[]
73,aNVJKZwNb_c,['good']
74,igGe-W1efMw,[]
75,s-mkeEXDsa4,[]
76,nmDgI6_tzCw,[]
77,kdki4gH_obI,['Ğ¡ Ñ‚ĞµĞ¿ĞµÑ€ĞµÑˆĞ½Ğ¸Ñ… Ğ¼Ğ¾Ğ¸Ñ… Ğ»ĞµÑ‚ ÑĞ¼Ğ¾Ñ‚Ñ€Ğ¸Ñ‚ÑÑ Ğ¸ Ğ¾Ñ‰ÑƒÑ‰Ğ°ĞµÑ‚ÑÑ Ğ¿Ğ¾ Ğ´Ñ€ÑƒĞ³Ğ¾Ğ¼Ñƒ =)\n\nP.S ĞœĞ¾Ğ¹ ĞºĞ¾Ğ¼Ğ¼ĞµĞ½Ñ‚ Ğ½Ğ° ÑÑ‚Ğ¾Ñ‚ Ñ€Ğ¾Ğ»Ğ¸Ğº ĞµcÑ‚ÑŒ Ğ½Ğ° Ğ½ÑŒÑÑĞµ Ğ´Ğ¾Ñ‚Ğ¸Ñ€Ğ¾Ğ²Ğ°Ğ½Ğ½Ñ‹Ğ¹ 12 Ğ³Ğ¾Ğ´Ğ¾Ğ¼ =)']
78,p2dRSMKVBLE,"['tenia mucho tiempo buscando esta cancion, graciasssssssssssssssssssssssssssssssssssss.']"
79,Tmz875YPZ5I,['The title translates as Love Wind. And the wind is always welcome. Always good. Right? It can not hurt you. It can not tear your life apart. Right?']
80,gxM6ErIxZq8,[]
81,sKDRCUH-zIc,"['Amazing', 'Melhor amv']"
82,lraVkt8cUjo,[]
83,Q96zuonRp40,[]
84,YRKqv4kx2Ok,"[""Great video AMV News Chronicles!!\nGot some amazing content here for sure! Keep it up!\nğŸ’šğŸ’œğŸ’™say mind checking out my AMV's? ğŸ’™ğŸ’œğŸ’š"", 'Nice', 'Very good']"
85,nmRTfuFbJpg,['Ğ±Ñ€Ğ°Ğ²Ğ¾']
86,OSogfyAG_yI,['EPIC. LEGENDARY.']
87,sRuWB-WMR9k,"['Nice', 'Ğ¡ÑƒĞ¿ĞµÑ€']"
88,wcOtQ3sIs6Q,['sugoi!! :D\nadd me https://youtu.be/_oCIZF3lG8w']
89,pg0uNQZ8BqY,['Pavlis']
90,HDVI6kGZyww,[]
91,fW1nAzj8EaE,['2:02 what anime? after azumanga dance']
92,mKQmWnldQos,['Ğ˜Ğ´ĞµĞ°Ğ»ÑŒĞ½Ğ¾! ...']
93,gacxONWglrA,[]
94,ilKYcmoQ02w,"['I love this! ğŸ˜ğŸ˜†', 'Why am I only just now seeing this masterpiece', 'Years later and this is still absolute gold.', 'Weird, I thought this video came out a couple years before.', 'I was like wtf was that first part, then rewatched futura a and was like ohhh this sounds familiar.', 'Still a fun song, a fun anime, and an awesome AMV!', 'Very awesome and put together', 'A classic from the good old days.', ""When I was 6, me and my sister would watch and dance to amv's in her room and this was one of them. I'm 16 now. Thank you for making my childhood"", 'This amv got me into Nichijou']"
95,3z1lBOxmngw,"[""I don't even know what the fuck this is"", 'hola  ğŸ’”', 'Ğ¡Ğ¸ÑÑŒĞºĞ¸ ! Ğ¡Ğ¸ÑÑŒĞºĞ¸ ! Ğ¡Ğ¸ÑÑŒĞºĞ¸ ! Ğ¡Ğ¸ÑÑŒĞºĞ¸ ! Ğ¡Ğ¸ÑÑŒĞºĞ¸ !', 'great work keep that fire lit to bring more fire ;)']"
96,XolACl6Gnyo,"['Me gustÃ³ el vÃ­deo gracias esperÃ³ y este mas tiempo en YouTube graciasğŸ‘ğŸŒŸ', 'ĞÑ‡ĞµĞ½ÑŒ Ğ°Ñ‚Ğ¼Ğ¾ÑÑ„ĞµÑ€Ğ½Ğ°Ñ Ğ¸ ÑÑ‚Ğ¸Ğ»ÑŒĞ½Ğ°Ñ Ñ€Ğ°Ğ±Ğ¾Ñ‚Ğ°, Ğ¸Ğ· Ğ¾Ğ´Ğ½Ğ¾Ğ¹ ÑĞµÑ€Ğ¸Ğ¸ ÑĞ´ĞµĞ»Ğ°Ñ‚ÑŒ Ñ‚Ğ°ĞºÑƒÑ ĞºĞ¾Ğ½Ñ„ĞµÑ‚ĞºÑƒ ÑÑ‚Ğ¾ Ğ¿Ñ€Ğ¾ÑÑ‚Ğ¾ ÑˆĞ¸ĞºĞ°Ñ€Ğ½Ğ¾, Ğ¿Ñ€Ğ°Ğ²Ğ´Ğ° Ñ Ğ¿ĞµÑ€ĞµÑ…Ğ¾Ğ´Ğ°Ğ¼Ğ¸ Ğ½Ğ° Ñ„Ğ¾Ñ‚Ğ¾ Ğ½ĞµĞ¼Ğ½Ğ¾Ğ³Ğ¾ Ğ¿ĞµÑ€ĞµĞ±Ğ¾Ñ€Ñ‰Ğ¸Ğ»Ğ¸ Ğ²Ğ½Ğ°Ñ‡Ğ°Ğ»Ğµ, Ğ½Ğ°Ğ´Ğ¾ Ğ±Ñ‹Ğ»Ğ¾ Ñ‡ÑƒÑ‚ÑŒ Ñ€ĞµĞ¶Ğµ, Ğ½Ğ¾ Ğº ÑĞµÑ€ĞµĞ´Ğ¸Ğ½Ğµ Ğ²Ğ¸Ğ´ĞµĞ¾ ÑÑ‚Ğ¾ Ğ¿Ğ¾Ñ‡Ñ‚Ğ¸ Ğ½Ğµ Ñ‡ÑƒĞ²ÑÑ‚Ğ²ÑƒĞµÑ‚ÑÑ. Ğ’ Ñ†ĞµĞ»Ğ¾Ğ¼ Ñ…Ğ¾Ñ‚ÑŒ Ğ¸ Ğ½Ğµ Ñ‚Ğ°Ğº ÑĞ»Ğ¾Ğ¶Ğ½Ğ¾ Ğ²ÑĞµ Ğ²Ñ‹Ğ³Ğ»ÑĞ´Ğ¸Ñ‚, Ğ½Ğ¾ Ğ¾Ñ‡ĞµĞ½ÑŒ ÑĞ¸Ğ»ÑŒĞ½Ğ¾ ÑÑ‚Ğ¸Ğ¼ Ğ¿Ñ€Ğ¾Ğ½Ğ¸ĞºĞ°ĞµÑˆÑŒÑÑ, Ğ¾ÑĞ¾Ğ±ĞµĞ½Ğ½Ğ¾ ĞµÑĞ»Ğ¸ Ğ¸ Ğ°Ğ½Ğ¸Ğ¼Ğµ ÑĞ¼Ğ¾Ñ‚Ñ€ĞµĞ» Ğ¸ Ğ² Ğ¸Ğ³Ñ€Ñƒ Ğ¸Ğ³Ñ€Ğ°Ğ»']"
97,Wt-jOwiqkmk,[]
98,6LP5TNoerWc,[]
99,ilqhap5-D8c,[]
100,d7m-6Ng_jzQ,[]
101,tLYZfNmj32Q,"[""Awesome video Chronicles!! ğŸ”¥\nYou have some really cool content!\nğŸ’šğŸ’™say mind checking out my AMV's? ğŸ’™ğŸ’š""]"
102,F63TIojbVuI,"['https://youtu.be/Qs6eV42ZkcQ', 'good job on this AMV such a creative way to show a creative piece of your mind hope to see more of your greatness :D']"
103,mgUoYVeamSw,"['Ğ¼Ğ¾Ğ¸ Ğ³Ğ»Ğ¾Ğ·Ğ°)', 'Wooooow, omg, gz', 'Very good!! great job <3<3<3']"
104,5lAVgjP3IyU,"['i add this video in my two playlists long time ago ....', '119 views , realy ?']"
105,KrBy2zfcLmA,[]
106,MoLx_kvJK0A,[]
107,dWXlkfrNLm4,[]
108,sVoXnLH5IUE,[]
109,594d1bbpqeQ,[]
110,rE9d5xd3Da8,[]
111,KayKx9BDXqA,"['Legend', 'Ğ›ÑĞ±Ğ»Ñ Ğ¿Ğ¾Ğ´Ğ¾Ğ±Ğ½Ñ‹Ğ¹ ÑÑ‚Ğ¸Ğ»ÑŒ.']"
112,mQ6pduagmN4,['Nice']
113,x8miCX-6dKg,['Awesome can you check my edits out and let me know what you think']
114,IUm2joodOfI,['Nice']
115,hyMNtDlMHSk,['Nice!']
116,qa_gek9n9oU,['Thxxâ™¥Good Job) +1 Sub']
117,2pc2E_scFL4,[]
118,dzcBv-poB2o,[]
119,Sn9RIgPpGfg,[]
120,25U7U8xBHuk,[]
121,icVL73L63WY,"['Hello I am an old anime person and this is my favorite AMV. Thank you for uploading for my nostalgia!!', ""I've known this AMV for years. I cry every time I watch it.  Never has love been animated so flawlessly then lovingly put into a collage with perfect music.  This is flawless.  I am now old and alone, and it breaks my heart that I may never find a love like this."", 'ğŸ¤ ', 'perfect :0']"
122,aOhCZl53p8U,[]
123,iPzmNZtpeiE,['Love it amazing beautiful more']
124,OuV4mGqzZwo,['2008 feelings lol']
125,_J-pCWI4Gag,[]
126,6doi6j5Umvc,[]
127,XK64mIunJjM,['Very good']
128,aTCFagge49k,[]
129,GYW9HjY6OAI,['ĞŸÑ€ĞµĞºÑ€Ğ°ÑĞ½Ğ¾ ğŸ‘']
130,_2avq5fM_jQ,[]
131,YP6ENg7vcec,[]
132,v8BiCt7vn0Y,[]
133,NsMHkpKkzwo,[]
134,uQ2DKMyKT-4,[]
135,VQ9FyoYEm_g,"['Nice!', 'Me gustÃ³ mucho', 'Te quedo muy bien', 'Ğ±Ñ€Ğ°Ğ²Ğ¾']"
136,6z8Ww_vik4A,[]
137,oSCqjq7stGw,[]
138,elO_A6dsRTc,[]
139,IcYrnAmd8wo,[]
140,P6DCvqYLAQs,"[""I'm sorry i never commented on this in all these years. Nice to see it still up. This Is Amazing!""]"
141,cYhUCQVCQxs,[]
142,7dWEpVmPDjI,[]
143,cUGKd9mKS0I,[]
144,wpHWxlkH2EQ,[]
145,iRXrX5sS138,[]
146,3BvNPpOHxYo,[]
147,HfFL_BwCnTQ,"['Amazing', 'Nice']"
148,zCMDkRzRix4,[]
149,YKq6wsAhYfw,[]
150,FeSKFCodeHs,"['Ğ’Ğ¾Ñ‚ ÑÑ‚Ğ¾ Ğ´Ğ°, Ğ¿Ğ¾Ñ‚Ñ€ÑÑĞ°ÑÑ‰Ğ¸Ğ¹ Ğ¼Ğ¾Ğ½Ñ‚Ğ°Ğ¶ ğŸ˜ğŸ˜ğŸ˜']"
151,Fwlpl5wzSSA,[]
152,4qeysTryfE4,"['Thank you for bringing this amv Back. So many memories flowed through me watching this again', '*Ğ£Ñ€Ğ° Ñ Ğ¿ĞµÑ€Ğ²Ñ‹Ğ¹ ĞºĞ»Ğ°ÑĞ½Ñ‹Ğ¹ anime mix.*']"
153,AyhMJcyucVg,['G']
154,blWntgQPWVg,['Ğ° Ñ‡ĞµĞ³Ğ¾ Ğ² Ñ‚Ğ°ĞºĞ¾Ğ¼ ĞºĞ°Ñ‡ĞµÑÑ‚Ğ²Ğµ Ğ¿Ğ°Ñ€ÑˆĞ¸Ğ²ĞµĞ½ÑŒĞºĞ¾Ğ¼ ? Ğ½Ğ° Ğ°ĞºÑ€Ğ¾ÑĞºĞ¾Ğ½Ğµ ÑĞ»Ğ¾Ğ¶Ğ½Ğ¾ Ğ±Ñ‹Ğ»Ğ¾ ÑĞºĞ°Ñ‡Ğ°Ñ‚ÑŒ Ğ² Ñ…Ğ¾Ñ€Ğ¾ÑˆĞµĞ¼ ĞºĞ°Ñ‡ĞµÑÑ‚Ğ²Ğµ ?']
155,XvdqWRWePmQ,[]
156,ko5eUsCPeIo,[]
157,Iqy6FSFbYXk,[]
158,78OGuPk8OyM,[]
159,clEvY9-Tk28,[]
160,fKbufVqM5yU,[]
161,zJuzyiF1eMA,[]
162,EwAa5MM1heQ,['OMFG GOOD WORK ğŸ‘ğŸ‘ğŸ‘']
163,3_XD8HUnM-4,"['did i watch it 141 times ?', 'this is very well done amv, you should really check out my SAO amv. I would really like your advice on how I can improve. https://www.youtube.com/watch?v=1CrB_-fy5NA', '99 views realy ?']"
164,pIn6K7Lsqfs,[]
165,8G9eidZ2ZZE,"['Oh god, an early Yoshiura amv']"
166,n0SUkEI5q3Q,['formative part of my adulthood. thank you.']
167,WXgjedYDqYI,"['ĞšĞ»Ğ°ÑÑĞ½Ğ¾!! :)', 'ĞšĞ°ĞºĞ¾Ğ³Ğ¾ Ğ³Ğ¾Ğ´Ğ°?']"
168,CPJ0KSvur0Y,"['When chantilly is your actual name and you suffered with this song for your whole life', 'Ğ¡ÑƒĞ¿ĞµÑ€!', 'Owo']"
169,vEgaPq70YHs,[]
170,ZS0dD8dPktE,[]
171,ZQq7PLNwitA,[]
172,iFd5-zSyE3M,[]
173,NqD1Gk0atOQ,[]
174,qgehSGLNyBM,[]
175,QdvJpO3HGAA,[]
176,JyU5pve6aGg,[]
177,629hMFRg910,[]
178,h7q7RHFjMjA,[]
179,ReDDenK7kZU,[]
180,NacookIsn9Y,[]
181,aLnXLcvmbUM,['More kenshin plezzz\n\nğŸ˜ğŸ˜ğŸ˜']
182,t9uLEEp31w0,[]
183,590vx_1QSYM,['Nice one']
184,_dIMTJvCo5E,[]
185,_KPMrHFkMPM,[]
186,dWQ5X6AMf7Y,[]
187,gZ7wcI7h08A,['Coolâ€¦']
188,_5hGCbKCYY0,[]
189,OlDzF4MfD24,[]
190,zuJe2LAv_rM,[]
191,3l12KyPwG7k,[]
192,S1U7rTpBab8,[]
193,wv1rJimxcdo,[]
194,Z-ABX8-4_Ow,"['uff i remember this parody, it was 2006 maybe? the AMV boom in youtube,  the times of movie maker lol good memories', 'Great work! :D']"
195,mX6JjBoqQ2w,"['ĞÑ‡ĞµĞ½ÑŒ ÑĞ¾Ñ‡Ğ½Ñ‹Ğ¹ Ğ±Ñ‹Ğ» Ğ³Ğ¾Ğ´, ĞºĞ°Ğº ÑĞµĞ¹Ñ‡Ğ°Ñ Ğ¿Ğ¾Ğ¼Ğ½Ñ Ñ‡Ñ‚Ğ¾ ĞºĞ°Ğ¶Ğ´Ñ‹Ğ¹ ÑĞµĞ·Ğ¾Ğ½ Ğ±Ñ‹Ğ» Ğ¾Ñ‡ĞµÑ€ĞµĞ´Ğ½Ğ¾Ğ¹ ÑˆĞµĞ´ĞµĞ²Ñ€. Ğ–Ğ°Ğ»ÑŒ ÑĞµĞ¹Ñ‡Ğ°Ñ Ñ‚Ğ°ĞºĞ¾Ğ³Ğ¾ Ğ²Ğ¾ÑÑ‚Ğ¾Ñ€Ğ³Ğ° Ğ¾Ñ‚ Ñ‚Ğ°Ğ¹Ñ‚Ğ»Ğ¾Ğ² Ğ¿Ğ¾Ñ‡Ñ‚Ğ¸ Ğ½ĞµÑ‚']"
196,lSm9hmeHhW0,[]
197,uF1ZeiSLEKE,"['*very* *good* *friend,* *your* *AMV* *is* *very* *cool,* *has* *new* *AMV* *on* *my* *channel* *please* *go* *there* *to* *watch* *!!* *thank* *you* â¤']"
198,qSg82ocUPb4,[]
199,YJEYYvqFEGg,"['*very* *good* *friend,* *your* *AMV* *is* *very* *cool,* *has* *new* *AMV* *on* *my* *channel* *please* *go* *there* *to* *watch* *!!* *thank* *you* â¤']"
200,_jqBLPED7N0,[]
201,QR4uk5TpzMI,[]
202,P2D995T9aog,[]
203,kdo4F1R5-BY,['ĞÑ‚Ğ´ĞµĞ»ÑŒĞ½Ñ‹Ğ¹ Ğ»Ğ°Ğ¹Ğº Ğ·Ğ° ĞºĞ¾Ğ¼Ğ¿Ğ¾Ğ·Ğ¸Ñ†Ğ¸Ñ Within Temptation ğŸ‘']
204,ADy5a78GQAk,"['Absolutely down right fucking amazing and perfectly well edited. How in two tits of a rats ass is this not your most viewed video.', 'Nice!']"
205,wyAfBXP_QTM,[]
206,QMnKI6AD8CI,"['Iâ€™ve been looking for this song for something like 10 years. Finally found it,thanks you', 'hipermeganice xD', 'Nice']"
207,7PxkjUeB9xg,"['ĞÑ‚Ğ»Ğ¸Ñ‡Ğ½Ğ¾ Ğ¿Ğ¾Ğ»ÑƒÑ‡Ğ¸Ğ»Ğ¾ÑÑŒ', 'ĞšĞ°ĞºĞ¾Ğ¹ Ğ¶Ğµ Ñ ÑÑ‚Ğ°Ñ€Ñ‹Ğ¹']"
208,44h0FvuHW7o,['ĞšĞ°ĞºĞ¾Ğ¹ ÑˆĞµĞ´ĞµĞ²Ñ€)']
209,V8MNB5L6Wi4,[]
210,mVD43YbZnUc,[]
211,uLEkX00Nahc,"['good edits keep it up', 'Ğ§Ñ‚Ğ¾ Ğ·Ğ° Ğ°Ğ½Ğ¸Ğ¼Ğµ Ğ½Ğ° 0:46?']"
212,rBPMj5k_iuY,[]
213,XioouS1ndA0,['WORLD RECORD VIDEOS AND AMV CONTEST AT YOUTUBE.COM/C/MRMUDKIPZ !!!!!!']
214,mTckoVlMV-U,[]
215,7zovrovRsPU,[]
216,AK4wuvY5yik,[]
217,R8fXI9aJMTU,[]
218,Nyrnn_dIZd0,[]
219,YN5jRao6uSo,[]
220,PA1sblXYSP8,[]
221,nWW_rksAM5Y,['AAAA Digi swann < 33']
222,7dzlzAauBaM,[]
223,u_oWd4gF9IA,[]
224,fTQHgW9ylIQ,"['Wow that was very magical! I loved the idea of bringing the manga characters into the anime world! This is a very unique video.', 'First']"
225,JI0hRqlhzuU,[]
226,C5rVB3ngk64,['Ciao darwin']
227,axKSAJAkCxw,"['Great AMV! If you have time please check my channel. Much appreciated :)', 'Love it']"
228,gUcSyhVmh04,[]
229,TYmA-e66200,[]
230,I1biGf7Ee-w,[]
231,tasJNKRADQc,[]
232,StGNlHJcrMc,"[""OMG! Thank you so so much! T T I've been looking for this amv for a lon long time. The best wishes admins T T. Chikaboom is the best!"", 'That was impressive - an AMV which could hold my attention for more than 5 minutes :O']"
233,z048b5lEsAI,[]
234,UZZUVDkYZYE,[]
235,mlDuwyVGKrQ,[]
236,6ZIb1bHAmxI,['ğŸ˜']
237,U0jAZu5sOwc,"['ğŸ‘ğŸ˜', 'ĞšĞ»Ğ°ÑÑĞ½Ğ¾ ÑĞ´ĞµĞ»Ğ°Ğ½Ğ¾']"
238,yLsQyOxG9fc,['ĞĞ´Ğ½Ğ¾ Ğ¸Ğ· ÑĞ°Ğ¼Ñ‹Ñ… Ğ»ÑĞ±Ğ¸Ğ¼Ñ‹Ñ…)']
239,ncySeXHIx7o,[]
240,JmlDhA_RSV0,[]
241,1rHZ10emMVA,['10:08']
242,Xat0TU_RGt4,[]
243,LQT7KzKSQUQ,[]
244,b2HosJjYGI4,[]
245,TtoTNgFMAwY,"['Sweet', 'Awesome AMV !\nWhat do you think about my last AMV !']"
246,haQsViLmlro,"['Nice, Not racist', 'Ğ¿Ñ€Ğ¾ÑÑ‚Ğ¾ ÑĞ¼ĞµÑˆĞ½Ğ¾ ÑĞ´ĞµĞ»Ğ°Ğ½Ğ¾. Ğ»Ğ°Ğ¹Ğº', 'Awesome']"
247,LjYCKwyu1hk,[]
248,wlVGatMbHhE,[]
249,MqNQB2Nhuu0,[]
250,YTAKwLaY61k,[]
251,AO_tLWdahnA,['ğŸ‘ğŸ‘ğŸ‘']
252,NSL8tqwTalE,['Ğ· Ñ†ÑŒĞ¾Ğ³Ğ¾ Ğ°Ğ½Ñ–Ğ¼Ğµ Ğ¿Ğ¾Ñ‡Ğ°Ğ»Ğ°ÑÑŒ Ğ¼Ğ¾Ñ Ñ–ÑÑ‚Ğ¾Ñ€Ñ–Ñ....)))']
253,QrpJEVqkihg,[]
254,R_2nRznwJHY,[]
255,sEDi4klvE5c,"['ĞšĞ°Ğº Ğ±Ñ‹ Ğ°Ğ¼Ğ² ĞºĞ»Ğ°ÑÑĞ½Ñ‹Ğ¼ Ğ½Ğµ Ğ±Ñ‹Ğ»Ğ¾, Ğ°Ğ½Ğ¸Ğ¼Ğµ Ğ¾Ñ‡ĞµĞ½ÑŒ Ğ¿ĞµÑ‡Ğ°Ğ»ÑŒĞ½Ğ¾Ğµ']"
256,4gB1AgQ5_yY,[]
257,3UirALd22_Q,['Oh my childhood.  Remember this amv back in the late 00s. IIchan had it as a slash screen for /azu/ for a week. Was popular but not known. Great editing att.']
258,OkjTUzYDsm0,[]
259,7TkAsVTYzHM,[]
260,bNJH5bCjMp8,"['Epic', 'classic', 'Ñ€Ğ¾Ğ»Ğ¸Ğº ĞºĞ¾Ñ‚Ğ¾Ñ€Ñ‹Ğ¹ Ñ ÑƒĞ¶Ğµ ÑÑ‡Ğ¸Ñ‚Ğ°Ñ ĞºĞ»Ğ°ÑÑĞ¸Ñ‡ĞµÑĞºĞ¸Ğ¼.']"
261,MqTSoq1w7Nk,[]
262,CQdW9f1joDU,[]
263,_3HevOJkUUg,[]
264,ISXNTMsaZuM,"['I love this video !', 'first comment like me please']"
265,_n1W6w7hTNo,['Very Nice !']
266,gEFh-ko7MX4,[]
267,2ydS4ZRT-n8,[]
268,YEGrrltmpEY,[]
269,nvM5mFGIu1s,['ĞšĞ»Ğ¸Ğ¿ Ğ¾Ñ‚Ğ»Ğ¸Ñ‡Ğ½Ñ‹Ğ¹.\nOokami-San To Shichinin No Nakama-Tachi Ğ²Ğ¾Ñ‚ Ğ¸Ğ¼ĞµĞ½Ğ½Ğ¾ Ñ‚Ğ¾ Ğ°Ğ½Ğ¸Ğ¼Ñ ĞºĞ¾Ñ‚Ğ¾Ñ€Ğ¾Ğµ Ñ Ğ²ÑĞµ Ñ…Ğ¾Ñ‚ĞµĞ» Ğ¿Ğ¾ÑĞ¼Ğ¾Ñ‚Ñ€ĞµÑ‚ÑŒ.']
270,Uf61kpsyyXU,['primer comentario y en espaÃ±ol']
271,BjPBoB9S3ew,[]
272,fj_KHa-I6O8,[]
273,9Jh0wPRe_3k,[]
274,oPza2yYVzFc,['I totally love it']
275,WP0cmHVYDkE,[]
276,GsR5hyKq6Gs,['Muahahaa Very gooddd!! The legend.']
277,LtdS95O7fLI,[]
278,OeV08t3gN_w,[]
279,5ewvb7TprpE,[]
280,mU2xjv4jnHM,[]
281,OD5tAeZMq1k,[]
282,uY7kNDtWBq8,['Cool']
283,aVvA5z6eLAE,['amazing!']
284,MyDHWBwoytY,[]
285,2nc94jNGTJg,['Ğ½Ğµ Ğ¾Ğ±Ñ‹Ñ‡Ğ½Ğ¾Ğµ Ğ²Ğ¸Ğ´Ğ¾Ğµ Ğ¼Ğ½Ğµ Ğ¿Ğ¾Ğ½Ñ€Ğ°Ğ²Ğ¸Ğ»Ğ¾ÑÑŒ Ğ´Ğ°Ğ½Ğ½Ğ¾Ğµ Ğ²Ğ¸Ğ´ĞµĞ¾.']
286,2w5JNshZKn8,[]
287,xB8UCW7ZM6Q,[]
288,DkgY0W6OsRA,"['ĞĞ¾Ğ²Ñ‹Ğ¹ ĞºĞ»Ğ¸Ğ¿ ,ÑÑƒÑ€ÑŒÑ‘Ğ·Ğ½Ğ¾ ?Ğ¯ ĞµĞ³Ğ¾ Ğ»ĞµÑ‚ 5 Ğ½Ğ°Ğ·Ğ°Ğ´ Ğ²Ğ¸Ğ´ĞµĞ».....', 'ĞšĞ»Ğ°ÑÑĞ¸ĞºĞ°', '+']"
289,djiCvxh_jl0,['Ğ—Ğ°Ñ‡ĞµÑ‚! Ğ˜Ğ´Ñƒ ÑĞ¼Ğ¾Ñ‚Ñ€ĞµÑ‚ÑŒ ÑÑ‚Ğ¾ Ğ°Ğ½Ğ¸Ğ¼Ñ =)']
290,K0_pLdlwhiQ,[]
291,XbmIWAD4xpE,['has otro de black porque ahi pocos buenos :P']
292,88KstTM19HM,[]
293,_z86V2ytLyo,['NikkyHD Clockwork 4 lol.']
294,1Hqf8KDiGZA,[]
295,Q8X1hmIJ_9M,[]
296,-aswG5RwEcc,"[""That's really adorable  !!!!"", 'AMZING !!!', 'Nice', 'Someone needs to use this song for a Berserk AMV/MMV about Griffith.']"
297,oif3NzWVipQ,"['Ñ ÑƒĞ´Ğ¾Ğ²Ğ¾Ğ»ÑŒÑÑ‚Ğ²Ğ¸ĞµĞ¼ Ğ¿ĞµÑ€ĞµÑĞ¼Ğ¾Ñ‚Ñ€ĞµĞ». Ğ³Ğ¾Ğ´Ğ½Ğ¾Ğµ ÑÑ‚Ğ°Ñ€Ğ¾Ğµ amv', 'ĞŸÑ€Ğ¾ÑÑ‚Ğ¾ Ğ¿Ğ¾Ñ‚Ñ€ÑÑĞ°ÑÑ‰Ğµ, Ğ½Ğµ Ğ¾Ğ¶Ğ¸Ğ´Ğ°Ğ».']"
298,vN4t59V9OJE,[]
299,V1n9lwOw4k0,[]
300,xjHhfePyvYc,['I love the surreal touch.']
301,6tm0OIpQCGQ,['This is really well done']
302,Oz_woqwdVKU,['Ğ‘Ñ€Ğ°Ñ‚ğŸ˜€']
303,6wjPWAxUOOw,[]
304,kWyGWomIRec,"['Ğ£Ğ¶Ğµ ĞºĞ»Ğ°ÑÑĞ¸ĞºĞ°.', 'Ğ° Ñ‡Ğµ Ğ½ĞµĞ´Ğ¾ÑÑ‚ÑƒĞ¿Ğ½Ğ¾ Ñ‚Ğ¾?']"
305,fp1-a6zG8MY,['Ğ“Ğ¸Ğ´Ñ€Ğ° 2007 Ğ³Ğ¾Ğ´Ğ° ÑƒĞ´Ğ¸Ğ²Ğ»ÑĞµÑ‚ =)']
306,BewI1aiAuD0,[]
307,OvWsvPdPDUc,[]
308,JRU0wVwIN-s,"[""These are real Amv's not what people are making now days"", 'perfect (à¹‘â€¢Ì€ã…‚ â€¢Ì)Ùˆ âœ§', 'Ğ’Ñ‚Ğ¾Ñ€Ğ¾Ğ¹ Ñ€Ğ°Ğ· Ğ²Ğ¸Ğ¶Ñƒ AMV Ğ¿Ğ¾Ğ´ Ğ´Ğ°Ğ½Ğ½Ñ‹Ğ¹ Ğ°ÑƒĞ´Ğ¸Ğ¾ Ñ‚Ñ€ĞµĞº. ĞÑ‚Ğ»Ğ¸Ñ‡Ğ½Ğ¾.']"
309,ucarwtEXVdI,['nice']
310,drM8TeKWQQc,[]
311,HAySEO8PW3c,[]
312,nQ0-NYl3RuE,[]
313,4yI0eeHTLqM,[]
314,tmdnYn_dKdU,[]
315,9bfRKFEO8wA,['Ğ“Ğ¾Ğ´Ğ½Ğ°Ñ Ğ¸Ğ´ĞµÑ. Ğ¥Ğ¾Ñ€Ğ¾ÑˆĞµĞµ Ğ¸ÑĞ¿Ğ¾Ğ»Ğ½ĞµĞ½Ğ¸Ğµ.']
316,U8dL_rjyiCM,[]
317,Jts-cBKs7_M,[]
318,u2bZIxuBSsQ,[]
319,g0TkzAiSFJ8,[]
320,92emeP0onbg,[]
321,dzRRuesGVxI,[]
322,Cv74QdgwRW4,[]
323,cOxGC4_bILQ,[]
324,Y-mSgdAsngw,[]
325,do0jlCpE7bs,[]
326,ZDPLycZigGs,[]
327,LhaZUapPEZQ,[]
328,dPhZSf2dpEE,"['Ğ¨ĞµĞ´ĞµĞ²Ñ€Ğ°Ğ»ÑŒĞ½Ğ¾.', 'ÑÑ‚Ğ¾ Ğ±Ğ¾Ğ¶ĞµÑÑ‚Ğ²ĞµĞ½Ğ½Ğ¾']"
329,Q9ChKuYt8DI,"[""Great video. While I don't agree with the song choice per se, the editing makes it appropriate. Good job."", 'Muito bom']"
330,9IspfEtJSqY,['Ğ“Ğ¾Ğ´Ğ½Ğ¾Ñ‚Ğ°.']
331,YEsATD7N_t0,[]
332,n5mChFWeyiE,"['Nostromo muy buen editor y con buenos gustos de musica (y)', 'Old but gold', 'Ñ‡Ğµ Ñ 1Ğ¹.']"
333,mRl_lRePUVc,[]
334,6ujO_8id_lk,['great work!']
335,SxMV-c8xGpo,[]
336,-eIOxWYyd1s,['love this']
337,OBnGWGLlgSU,"[""i searched this amv for like 2 years now, and i remember the title was written in japanes on a site that was not youtube, but i finally managed to find it, i'm so happy ahahah, i feel so stupid"", 'This is so cute!! (à¹‘â™¡âŒ“â™¡à¹‘)']"
338,vlnlMiR5u_M,[]
339,g_KXn18PPI4,"['i like it , thanks', 'Aggressor!!!!']"
340,qVP42UpBJVQ,[]
341,bww4QRe0WVk,[]
342,sRAOZOTeHzc,"['really good video', 'Ğ’ĞµÑ‡Ğ½Ğ°Ñ ĞºĞ»Ğ°ÑÑĞ¸ĞºĞ°...', 'I was into the song until they start singing...']"
343,_sUtQbpMzac,[]
344,tiVaC2a5knk,[]
345,DFkX5VgrINQ,"['Very good, like :) .']"
346,nOLdjjlDt34,[]
347,m9PddDGxyfI,['Wow Good vid ^^']
348,uSa7mOUcK78,[]
349,rxSOsL0AbQA,[]
350,-f1OtlIt2H4,[]
351,8ofgwNoyUSA,[]
352,0Lfvz5PWRco,['arte :D']
353,PUAkAh95l6c,[]
354,7mQArx_K_c4,"['Like!', 'ÑÑ…, Ğ²Ğ¾ÑĞ¿Ğ¾Ğ¼Ğ¸Ğ½Ğ°Ğ½Ğ¸Ñ']"
355,lJi6632gDJI,[]
356,lL3uJGmhvg4,['Is this stolen?']
357,HXodmTrYjgs,['Perfeito!!!!!!!!!!!!!!!!!!']
358,Cgk9vYQ03lk,[]
359,T9xYfOUyDBY,[':/      4/10']
360,-kKc3rIs6I0,['Great']
361,HgQQzgAEnI8,[]
362,zMwULEl32pU,[]
363,Mjw0bSbiL-s,[]
364,GlZKcssYcZE,[]
365,BcYjeqYF3XM,[]
366,3GIQIp5X6fQ,"['0:20 butt !', ""i did not understand what is going in this amv but she's awesome :D xD"", 'Ğ›Ğ°Ğ¹Ğº, ĞµÑĞ»Ğ¸ Ğ½Ğ°ÑˆÑ‘Ğ» Ñ„Ñ€Ğ°Ğ³Ğ¼ĞµĞ½Ñ‚ Ğ¸Ğ· Ñ…ĞµĞ½Ñ‚Ğ°Ñ']"
367,OLsWSxw6024,[]
368,CfPdQ64durc,"['Ñ Ğ”Ğ¶ĞµÑ„Ñ„ Ñ ÑƒĞ±ÑŠÑ Ğ²Ğ°Ñ ÑÑ‚Ğ¾ Ğ¸Ğ¼Ñ Ğ½Ğµ Ğ¼Ğ°Ñ‘ Ğ¾Ğ½ ÑƒĞ¶Ğµ Ğ¼Ñ‘Ñ€Ñ‚Ğ² ÑĞ»ĞµĞ´ÑƒÑÑ‰ĞµĞµ Ğ²Ñ‹ Ğ°Ñ…Ğ°Ñ…Ğ°Ñ…Ğ°Ñ…Ğ°â˜ºâ˜ºâ˜ºâ˜ºâ˜ºâ˜ºâ˜ºâ˜ºâ˜ºâ˜ºâ˜ºâ˜ºğŸ˜ˆğŸ˜ˆğŸ˜ˆğŸ˜ˆğŸ˜ˆğŸ˜ˆğŸ˜ˆğŸ˜ˆğŸ˜ˆğŸ˜ˆğŸ˜ˆğŸ˜ˆğŸ˜ˆğŸ˜ˆğŸ˜ˆğŸ˜ˆğŸ˜ˆğŸ˜ˆğŸ˜ˆğŸ˜ˆğŸ˜ˆğŸ˜ˆ', 'Ğ•Ğ¶Ğ¶Ğ¸, ĞºĞ½Ğ¸Ğ³Ğ° ÑÑ‚Ğ¾ Ğ¸Ğ³Ñ€ÑƒÑˆĞºĞ° Ğ´ÑŒÑĞ²Ğ¾Ğ»Ğ°']"
369,RTgW0hAS2pU,[]
370,97AjUobfYas,[]
371,8nAIGweaHoY,['I just spent two hours looking for this cause it suddenly came back to my mi d at work.']
372,bDilnEv6E5w,"[""This one is a classic. When I think of this movie, I can't help but remember this AMV""]"
373,_HKmohulw_Y,[]
374,zRn6trdCQKk,"['ĞĞ¾ÑÑ‚Ğ°Ğ»ÑŒĞ³Ğ¸Ñ. ĞĞ°Ğ²ĞµÑ€Ğ½Ğ¾, ÑĞ°Ğ¼Ğ¾Ğµ Ğ»ÑƒÑ‡ÑˆĞµĞµ ĞĞœĞ’ Ğ¿Ğ¾ Ñ„Ğ¸Ğ½Ğ°Ğ»ĞºĞµ']"
375,fOzCCjgjMoM,['Ğ“Ğ¾Ğ´Ğ½Ğ¾ Ğ½Ğ° 4 Ğ¸Ğ· 5']
376,iMEZmd3CUe4,[]
377,aWHPIAWaEhA,['anime?']
378,Cf2LJwxpjWc,"['ĞšĞ»Ğ°ÑÑĞ¸Ñ‡ĞµÑĞºĞ¾Ğµ AMV.\nĞ¢Ğ¾Ğ»ÑŒĞºĞ¾ Ğ¶Ğ°Ğ»ÑŒ, Ñ‡Ñ‚Ğ¾ Ğ¾Ğ½Ğ¾ Ğ² Ñ‚Ğ°ĞºĞ¾Ğ¼ Ğ½Ğ¸Ğ·ĞºĞ¾Ğ¼ Ñ€Ğ°Ğ·Ñ€ĞµÑˆĞµĞ½Ğ¸Ğ¸.']"
379,0ZA0K9huU1g,['Ğ° Ñ‡Ñ‚Ğ¾ Ğ·Ğ° Ğ°Ğ½Ğ¸Ğ¼Ğµ 1:40???']
380,73z6o-Nt1rA,"['Ğ¡Ğ»Ğ¸ÑˆĞºĞ¾Ğ¼ Ğ±Ğ¾Ğ»ÑŒĞ½Ğ¾ ÑĞ¼Ğ¾Ñ‚Ñ€ĞµÑ‚ÑŒ', 'Ğ—Ğ°  ĞšĞ»Ğ°Ğ½Ğ½Ğ°Ğ´ Ğ²ÑĞµĞ³Ğ´Ğ° Ğ»Ğ°Ğ¹Ğº']"
381,YLjOrevQXoE,[]
382,mh_vZn9OnTk,"['Cada tanto, uno descubre algo mÃ¡s allÃ¡ de su comprensiÃ³n.', '1:16', 'xd', 'I remember', '0:38', 'xd', 'just lost my remaining neurons', 'No mames hahahahahahaha xD 10/10', 'Ooo\nSo cute)', 'Ğ¼ÑÑƒ Ğ¼ÑÑƒ Ğ¼ÑÑƒ']"
383,GxvdoouVAv0,[]
384,WTDwjMKbINs,[]
385,WRtrpbXR-Yw,[]
386,1S8tUrTgRrY,"['Ñ…Ğ¼, Ğ¾Ñ€Ğ¸Ğ³Ğ¸Ğ½Ğ°Ğ»ÑŒĞ½Ğ¾', 'Ğ£ Ğ¼ĞµĞ½Ñ Ğ°Ğ¶ ÑĞ¾ÑĞºĞ¸ Ğ·Ğ°Ñ‚Ğ²ĞµÑ€Ğ´ĞµĞ»Ğ¸']"
387,srvB8oiW0Uk,['Forever <3']
388,V2c8f0-HIPo,"['Ñ€ĞµĞºĞ»Ğ°Ğ¼Ğ° (Ñ‡Ğ°Ñ) Ğ² Ğ½ĞµÑĞºĞ¾Ğ»ÑŒĞºĞ¸Ñ… Ğ¼ĞµÑÑ‚Ğ°Ñ…, Ñ€ĞµĞºĞ»Ğ°Ğ¼Ğ° Ğ¼Ğ°ÑˆĞ¸Ğ½Ñ‹ 25-Ñ‹Ğ¼ ĞºĞ°Ğ´Ñ€Ğ¾Ğ¼, Ğ¾ĞºĞ¾Ğ»Ğ¾ Ğ¿ÑÑ‚Ğ¾Ğ¹ Ğ¼Ğ¸Ğ½ÑƒÑ‚Ñ‹... Ğ° Ñ‚Ğ°Ğº  Ğ²Ğ¾Ğ¾Ğ±Ñ‰Ğµ - Ğ¾Ñ‡ĞµĞ½ÑŒ ĞºĞ»Ğ°ÑÑĞ½Ğ¾', 'Ğ’Ğ¾Ñ‚ ÑÑ‚Ğ¾ Ğ¨ĞµĞ´ĞµĞ²Ñ€! Ğ˜Ğ·Ğ±Ñ€Ğ°Ğ½Ğ½Ğ¾Ğµ ÑÑ€Ğ°Ğ·Ñƒ.']"
389,noBhKU89wzc,['Ğ¡Ğ¾Ğ±Ğ°ĞºÑ… ĞºĞ¸Ğ½ĞµĞ¼ ÑĞ¾Ğ±Ğ°ĞºÑ…']
390,e0-5MFJqeLQ,[]
391,0dXIFEti00o,[]
392,UsKIv9CNHVA,[]
393,Cr4WXGfkC74,[]
394,Z5snp8AtrsE,['uno de los mejores que e visto sobre death note']
395,yeJKjW-h7jg,[]
396,7vnENGw9l9E,"['Killed it', 'Ğ²ÑĞµ Ñ‚Ğ°ĞºĞ¸ ĞºĞ°Ğº ÑÑ‚Ğ°Ñ€Ñ‹Ğµ Ğ°Ğ½Ğ¸Ğ¼Ğµ, Ñ‚Ğ°Ğº Ğ¸ Ğ°Ğ¼Ğ² ĞºÑƒĞ´Ğ° Ğ¿Ğ¸Ğ·Ğ¶Ğµ Ğ½Ñ‹Ğ½ĞµÑˆĞ½Ğ¸Ñ…']"
397,t-rf7DufGcs,"['ĞšÑ‚Ğ¾ Ğ½Ğµ Ğ·Ğ½Ğ°ĞµÑ‚ Ğ±ÑƒÑ€Ğ¶ÑƒĞ¹ÑĞºĞ¸Ğµ ÑĞ·Ñ‹ĞºĞ¸ Ğ¼Ğ¾Ğ¶ĞµÑ‚ Ğ¿Ğ¾ÑĞ¼Ğ¾Ñ‚Ñ€ĞµÑ‚ÑŒ ĞºĞ»Ğ¸Ğ¿ Ğ½Ğ° AMV news Ñ Ñ€ÑƒÑÑĞºĞ¸Ğ¼Ğ¸ ÑÑƒĞ±Ñ‚Ğ¸Ñ‚Ñ€Ğ°Ğ¼Ğ¸ (ÑÑÑ‹Ğ»ĞºĞ° ĞµÑÑ‚ÑŒ Ğ² Ğ¾Ğ¿Ğ¸ÑĞ°Ğ½Ğ¸Ğ¸).', 'I was laughing the whole time!']"
398,euy54U92uWs,"['Classic', 'best one piece amv', 'What do I think about Netflix becoming the first ever streaming service to join the MPAA?']"
399,eeIYcflJ208,['this is dope!!! good job keep it up! do you mind visiting my channel and telling me what you think? x']
400,G4vCjTZC8_8,['Nice']
401,l1LzpBzTYGk,[]
402,8Pe3rxUEvdM,"['ĞĞµĞ¿Ñ€ĞµĞºÑ€Ñ‹Ñ‚Ñ‹Ğ¹ Ğ¡ĞµĞºÑ, Ğ½Ğ°ÑĞ¸Ğ»Ğ¸Ğµ, Ğ´ĞµÑ‚Ğ¾ÑƒĞ±Ğ¸Ğ¹ÑÑ‚Ğ²Ğ¾, Ğ³Ğ³ Ğ½Ğµ Ğ¾ÑÑˆ, Ğ¼Ğ¸Ğ½Ğ¸Ğ¼ÑƒĞ¼ Ğ½ÑÑˆĞ½Ğ¾ÑÑ‚Ğ¸ - Ğ²Ğ¾Ñ‚ Ğ¿Ğ¾Ñ‡ĞµĞ¼Ñƒ ÑÑ‚Ğ°Ñ€Ñ‹Ğµ Ğ°Ğ½Ğ¸Ğ¼Ğµ Ğ½Ğ°Ğ¼Ğ½Ğ¾Ğ³Ğ¾ Ğ»ÑƒÑ‡ÑˆĞµ Ğ½Ğ¾Ğ²Ñ‹Ñ…', 'love the mix between the old and new animeğŸ‘.']"
403,gytrRUOsJls,"['Great AMV. But there is absolutely NO WAY that this simp could be as cool as amazing as Cuban Pete. Or get any women.', 'Just too good!! All the scene selection and flow', 'So heâ€™s not perfect u donâ€™t want to end up old n lonely like Zoidberg (crying) so u were saying', 'I will show this to my grandchildren one day and say this was one of picassos famous art pieces back then', 'This is so fucking funny', 'Please give the original uploader some love! https://youtu.be/Xo1GKLvMfO8', 'Omfg!!! ğŸ¤£', '^^', ""Lol love it..I need halp..need app for video editing on the phone. Been using viva video but it can be a nightmare sometimes to be the creative zone only for the damn app to crash any progress you've made..haaalp"", 'amazing job!']"
404,mTStkfbpvTc,"['kkkkkkkkkkkkkkkkkkkkkkkkkkkkkkkkkkkkkkk', 'Ğ² Ğ¿ÑÑ‚Ğ¾Ğ¹ Ğ¸Ğ³Ñ€Ğµ Ğ¿Ñ€Ğ¾ÑÑ‚Ğ¾ Ğ½Ğ°Ğ¸Ğ³ĞµĞ½Ğ¸Ğ°Ğ»ÑŒĞ½ĞµĞ¹ÑˆĞ¸Ğ¹ Ğ“ĞµĞ¹Ğ¼Ğ¿Ğ»ĞµĞ¹!!', 'Ğ° ĞµÑÑ‚ÑŒ ĞµÑ‰Ğµ Ğ¾Ñ‚ ÑÑ‚Ğ¾Ğ³Ğ¾ Ğ°Ğ²Ñ‚Ğ¾Ñ€Ğ°?']"
405,oOEM4XIO1Hg,"['the best', 'Nice']"
406,dqjKeIbD9nA,[]
407,mGa3h0TGctA,[]
408,9xBJonM6CXA,[]
409,Ez9gShsQwBk,[]
410,-HQ7CECSxng,[]
411,KuWCgHDJzfA,['What the hell? The music is censored?']
412,5-NQvqVsSRw,['\\@u@~']
413,bydkgDIhDKI,[]
414,V6nF17277E0,"['1:09', 'directo a favoritos â‰§ï¹â‰¦']"
415,WiZegUmcbHg,[]
416,Bedge1tBOh4,['Ğ¿Ğ¾Ñ‡ĞµĞ¼Ñƒ Ğ½ĞµĞ´Ğ¾ÑÑ‚ÑƒĞ¿Ğ½Ğ¾ Ğ²Ğ¸Ğ´ĞµĞ¾?']
417,W4E3Ie5KszM,[]
418,BQtOXCZGSlY,[]
419,NJfZhTWFxUw,"['love it!', 'cool!']"
420,uIqlO8Aiqzc,[]
421,KjojTUSvFII,[]
422,sPl7dsyDz-A,"[""Definitely one of the best AMVs I've ever seen, and I like to think I've seen quite a bit of those."", 'this is my favourite amv, the song and i love haibane renmei', 'ĞŸĞ¾Ğ¼Ğ½Ñ Ñ€Ğ°Ğ±Ğ¾Ñ‚Ñƒ. ĞÑ‡ĞµĞ½ÑŒ Ğ´ÑƒÑˆĞµĞ²Ğ½Ñ‹Ğ¹ ĞºĞ»Ğ¸Ğ¿. Ğ¡ Ğ»ÑĞ±Ğ¾Ğ²ÑŒÑ Ğº Ğ¸ÑÑ…Ğ¾Ğ´Ğ½Ğ¸ĞºÑƒ ÑĞ´ĞµĞ»Ğ°Ğ½.']"
423,76Qh3FNYueA,[]
424,S0MKNQipuQc,['ĞÑ€Ğ¸Ğ³Ğ¸Ğ½Ğ°Ğ»ÑŒĞ½Ğ¾.']
425,E7JhQheNHbU,[]
426,B724qUfzHYo,"['I remember seeing this on a anime festival around 2008-2009 idk exactly but this video amazed me for his very good edit and music (Rammstein <3). I would never seen this amv again but it remained so deep inside my head. Today I was remembering that and just for curiosity I tried to find it on YouTube. Seeing this again just travels me back to a younger myself,  time, reality and different thoughts about my life and decisions. Thank you so much for uploading this, really. Take care and be safe!', 'Happy Fourth of July', 'Best amv ever', 'German singer singing about America over a Japanese show', 'The message this guy is try to say is the powerful influence of America and its effect on the whole world. So of course its never was a love song.  Every place on earth is somehow connected to America.', 'Oh my, I remember downloading this from torrents many years ago from some website like amvnewsru\nSuch sweet memories.', 'This video takes me back when I was a freshman in 2005 and 2006 . this was before youtube was invented']"
427,1Z314L0qleM,"['Ğ”Ğ¾Ğ²Ğ¾Ğ»ÑŒĞ½Ğ¾ ĞºĞ»Ğ°ÑÑĞ½Ğ°Ñ Ğ¸Ğ´ĞµÑ, Ğ¼Ğ½Ğ¾Ğ³Ğ¸Ğµ Ğ¼Ğ¾Ğ¼ĞµĞ½Ñ‚Ñ‹ Ñ Ğ±Ñ‹ Ğ¿Ñ€Ğ¾Ğ¿ÑƒÑÑ‚Ğ¸Ğ» Ğ² Ğ¾Ğ±Ñ‹Ñ‡Ğ½Ğ¾Ğ¼ Ğ°Ğ¼Ğ², Ğ½Ğ¾ Ñ‚ÑƒÑ‚ ÑÑ‚Ğ¾ Ğ¾Ñ‡ĞµĞ½ÑŒ ÑƒĞ²Ğ»ĞµĞºĞ»Ğ¾']"
428,9tc6yrX1dbk,"['ĞšĞ»Ğ¸Ğ¿, ĞºĞ¾Ñ‚Ğ¾Ñ€Ñ‹Ğ¹ Ñ ÑƒĞ¶Ğµ ÑÑ‡Ğ¸Ñ‚Ğ°Ñ ĞºĞ»Ğ°ÑÑĞ¸Ñ‡ĞµÑĞºĞ¸Ğ¼.']"
429,6XTmAak4Rm0,"[""great 'Reupload', AMV and amazing at the time that watching"", 'awesome video!']"
430,J062ri3V9Gs,[]
431,0K5lhtwKxl0,[]
432,WPAZskpqeGo,['Ğ¿Ñ€Ğ¸ĞºĞ¾Ğ»ÑŒĞ½Ğ¾ Ğ¾Ñ„Ğ¸Ğ³ĞµĞ½Ğ½Ğ¾ ĞºÑ€ÑƒÑ‚Ğ¾ Ğ¸ ÑĞ¸Ğ½Ñ…Ñ€Ğ¾Ğ½Ğ¸Ğ·Ğ¸Ñ€Ğ¾Ğ²Ğ°Ğ½Ğ½Ğ¾...Ğ¼ĞµĞ»Ñ€Ğ¸ Ğ¼ĞµĞ½ÑĞ¾Ğ½ Ğ¾Ñ„Ğ¸Ğ³ĞµĞ½Ğ½Ğ¾Ğ¾']
433,EsQWRjdm4-M,['Ğ­Ñ‚Ğ° Ğ°Ğ¼Ğ² Ğ·Ğ°ÑĞ»ÑƒĞ¶Ğ¸Ğ²Ğ°ĞµÑ‚ HD Ñ€ĞµĞ¼Ğ°ÑÑ‚ĞµÑ€']
434,t1UvkxQtIDw,[]
435,5kRmhb5mSE4,[]
436,n6BhrD54sFE,"['This AMV is awesome ğŸ˜ğŸ˜ğŸ˜,keep it up, and would you mind subscribing to me?']"
437,Xp-LLOfoSgc,"['No', ""Sugiro a mÃºsica : Don't go   do artista: Rumiko Takahashi""]"
438,G4YOElIZo5c,[]
439,wf7Nxxw4sds,['nice']
440,ifsKxqj0Xz4,"['ĞšĞ°ĞºĞ¾Ğ¹ Ğ¶Ğµ ÑˆĞ¸ĞºĞ°Ñ€Ğ½Ğ¾ ÑĞ´ĞµĞ»Ğ°Ğ½Ğ½Ñ‹Ğ¹ ĞºĞ»Ğ¸Ğ¿. Ğ›ĞµÑ‚ 10 ĞµĞ³Ğ¾ Ğ½Ğµ Ğ²Ğ¸Ğ´ĞµĞ», Ğ½Ğ°Ğ²ĞµÑ€Ğ½Ğ¾Ğµ)', 'Good storytelling.', 'Wow.Look so cool']"
441,bh2ohqpUD3g,[]
442,AshyYMjCeL0,"[""why are you reposting someone's work? Shame on you!"", 'PERFECT']"
443,9Ek4lMn-cP4,['Omg I finally found it again']
444,vtQKn79GUxU,"['Awesome,J was thinking hiw can anyone can make a  amv out of this ,but thus. Is awesome']"
445,KREop4b0XTM,[]
446,eUSuV-CQnmc,[]
447,GdPuMMuKsGk,"['ã‚„ã°ã„â€¦ã‹ã£ã“ã„ã„ï½ï½ï½ï½ï¼ï¼ï¼ãƒŠã‚¤ã‚¹ç·¨é›†ï½‚', 'ĞŸĞµÑ€Ğ²Ñ‹Ğ¹ Ğ½Ğ°Ñ… :D']"
448,SYmtOSCNxoM,"['has otro amv del mismo anime mÃ¡s adelante je me gustÃ³ como estÃ¡ echo ese amv y con ese anime es difÃ­cil encontrar un amv bueno,te quedo bueno!!']"
449,ZkAK9vJxTvQ,"['How the hell did you make this? The shots and motions from the manga are just f*cking awesome! This amv is one of the most unique Iâ€™ve ever seen! ğŸ˜†ğŸ‘ŒğŸ‘ğŸ¤˜', 'Best Claymore AMV.', 'nice', 'number one']"
450,v9ZjgdqRdVE,"['wow its great', 'Ğ²ĞµÑ€Ğ½Ğ¸Ñ‚Ğµ Ğ¿Ğ»Ğ¸Ğ· ÑÑÑ‹Ğ»ĞºÑƒ Ğ½Ğ° Ğ²Ñ‹Ğ»Ğ¾Ğ¶ĞµĞ½Ğ½Ñ‹Ğ¹ Ñ€Ğ¾Ğ»Ğ¸Ğº Ğ½Ğ° Ğ²Ğ°ÑˆĞµĞ¼ ÑĞ°Ğ¹Ñ‚Ğµ...']"
451,NnLMqRLmPXc,"[""It's amazing ! (^w^)""]"
452,_Sw_sIStHKI,[]
453,yjDYR08YGWU,"[""Good work. ^_^ Im new and if u have time, check my AMV's and writte some opinions in comments. It would mean much to me. :)""]"
454,-mDRslc9DZI,['<3']
455,_Oc-VCB-qeA,['ÑˆĞ¸ĞºĞ°Ñ€Ğ½Ğ¾']
456,YrJYJJHDVQE,"['Awesome BRO <3', 'i like the song', 'very nice bro!! loved the masking I wish I can mask like that!']"
457,pW5r5ycwBH8,[]
458,0gVOxVj3O6c,"[""Good I'd edited it without the speech bubbles but besides that it's great, specifically because it's a different kind of music in a Lain AMV"", 'I would also like to go to this gay bar']"
459,Er9Fz5Qfxg4,"['You are a magician!', 'What anime is this?']"
460,dohZ-uH7J64,[]
461,nxte8b9erxQ,[]
462,Aq0AHp5nSmk,['ĞŸĞµÑ€ĞµĞ·Ğ°Ğ»Ğ¸Ğ²? ĞĞ¾ ĞºĞ°Ğº Ğ²ÑĞµĞ³Ğ´Ğ° ÑˆĞµĞ´ĞµĞ²Ñ€.']
463,eV1mT3ATrBc,[]
464,YGGaUO4Jrs8,[]
465,leLcMvdWb4U,"['ĞšĞ°ĞºĞ¾Ğµ Ğ¶Ğµ Ğ½Ğ°ÑĞ»Ğ°Ğ¶Ğ´ĞµĞ½Ğ¸Ğµ - ÑÑ‚Ğ¾Ñ‚ ĞºĞ»Ğ¸Ğ¿ <3', 'ĞÑ…ÑƒĞµĞµĞµĞ½Ğ½Ğ¾Ğ¾....ğŸ˜']"
466,FORxN4jiww4,['gay everywhere.']
467,2rdnGgZZWD4,[]
468,AubLhZMx6eg,[]
469,CFH_DzUuBDE,['Cool editing techniques. I like this animation style']
470,MB24j7BwCe8,['Ğ¡ÑĞ¿Ğ°Ñ DN@ Ğ¸ ĞŸÑƒÑ…Ñƒ Ğ·Ğ° Ğ²ÑÑ‚Ğ°Ğ²ĞºĞ¸ Ğ¸Ğ· Ğ•Ğ²Ğ°Ğ½Ğ³ĞµĞ»Ğ¸Ğ¾Ğ½Ğ° Ğ¸ Ğ¥Ğ°Ğ»Ğ¾! ĞÑ‚ Ğ¼ĞµĞ½Ñ Ğ»Ğ°Ğ¹Ğº!']
471,xya95vtP5Ho,['Ğ° Ğ¿Ñ€Ğ¸Ñ‡ĞµĞ¼ Ğ·Ğ´ĞµÑÑŒ Ğ›ÑĞ¼ĞµĞ½?']
472,siWblSiQe0U,"['Ğ¾Ñ…ÑƒĞµĞ½Ğ½Ğ¾', 'Ğ”Ğ»Ñ 2011 Ğ¾Ñ‡ĞµĞ½ÑŒ Ğ´Ğ°Ğ¶Ğµ Ğ³Ğ¾Ğ´Ğ½Ğ¾']"
473,7NDlBgfK9cE,[]
474,OWA3IWV94Q0,"['Ğ‘Ğ»Ğ¸Ğ½ Ñ‚Ğ°ĞºĞ¾Ğ¹ ĞºĞ»Ğ°ÑÑĞ½Ñ‹Ğ¹ ĞºĞ»Ğ¸Ğ¿ Ğ½Ğ¾ Ñ‚Ğ°Ğº Ğ¼Ğ°Ğ»Ğ¾ Ğ¿Ñ€Ğ¾ÑĞ¼Ğ¾Ñ‚Ñ€Ğ¾Ğ²', 'ğŸ‘']"
475,XAKk2a4tRJk,[]
476,iBWR77UwWWs,[]
477,tC1GqbqKmqc,[]
478,h0Kw7l20YTc,[]
479,dXZOjlDBhJM,['Ğ£ Ğ¼ĞµĞ½Ñ Ğ½ĞµÑ‚ ÑĞ»Ğ¾Ğ²...\nĞÑ„Ğ¸Ğ³ĞµĞ½Ñ‹Ğ¹ Ğ¼Ğ¾Ğ½Ñ‚Ğ°Ğ¶ )))']
480,e92RvCHOx7c,['Ğ¡ÑƒĞ¿ĞµÑ€ ğŸ‘ğŸ‘ğŸ‘âœ¨']
481,xc-NtwQHME0,[]
482,dVDy2Ahci0Y,['ĞĞ½Ğ¸Ğ¼Ğµ Ğ² ÑÑ‚ÑƒĞ´Ğ¸Ñ Ğ¿Ğ¾Ğ¶Ğ°Ğ»ÑƒĞ¹ÑÑ‚Ğ°.']
483,bIQ_JJYr-0w,[]
484,4wPu5T5pNOk,"['the solo at the beginning is thearing apart my soul or highness xD', '3:24 Ğ·Ğ°Ğ´Ğ½Ğ¸Ğ¹ Ñ„Ğ¾Ğ½ Ğ¸Ğ· Ğ¸Ğ³Ñ€Ñ‹ ĞŸÑ€Ğ¸Ğ½Ñ† ĞŸĞµÑ€ÑĞ¸Ğ¸']"
485,AZRQee3yARQ,[]
486,VrHI7lngmzM,[]
487,sP1VeCP6a1w,['cool!! :o']
488,LkuMP-nc8es,"['Ğ”Ğ°,Ğ¿Ñ€Ğ¾Ğ´Ğ¾Ğ»Ğ¶Ğ°Ğ¹.Ğ›Ğ¸Ñ‡Ğ½Ğ¾ Ğ¼Ğ½Ğµ ĞºĞ»Ğ¸Ğ¿ Ğ¾Ñ‡ĞµĞ½ÑŒ Ğ¿Ğ¾Ğ½Ñ€Ğ°Ğ²Ğ¸Ğ»ÑÑ‡']"
489,pW_qCszqrQc,[]
490,8LC5ENO3Oy4,[]
491,lM6j4gyYIEw,[]
492,I13plfbvN4A,['boa muito bom']
493,_rsvL-QJG1c,[]
494,FOVFCd8qTkw,['Ğ±Ğ»Ñ ÑƒĞºÑ€ Ñ€ĞµĞ¿']
495,79vJoOdP9Kw,"['Soo damn good (ã†Ï‰ã†*)', 'This is astounding']"
496,L6HG0sgxOOk,[]
497,_ehfP2KdZJ0,['ĞšÑ€ÑƒÑ‚Ğ¾)']
498,5_-i_lIeWqI,[]
499,t-nrItwgaQU,['ĞºÑ€Ğ°ÑĞ¸Ğ²Ğ¾ Ğ²Ñ‹ÑˆĞ»Ğ¾']
500,GCbgI_PXyxg,[]
501,OU46C28tBWM,[]
502,jdW135h3HvU,['ĞšĞ°Ğ½Ğ¾Ğ½Ğ¸Ñ‡Ğ½Ñ‹Ğ¹ Ğ¿ÑĞ¸Ñ…Ğ¾Ğ´ĞµĞ».']
503,1Qc7QA28J7o,[]
504,3PgSFsP3j28,['720p :(']
505,uqRSsVl6Bns,[]
506,VVulzjtknc8,"['love this amv, brings me back some memorie, such a classic! :D']"
507,yC622TnlOjE,[]
508,jrzVKpEQg90,['ĞºĞ°Ğº Ğ½Ğ°Ğ·Ñ‹Ğ²Ğ°ĞµÑ‚ÑÑ Ğ°Ğ½Ğ¸Ğ¼Ğµ ?']
509,wgOX_RNIitI,['Whos the good guys?']
510,XcqtsDrM9YA,['ĞšĞ°Ğº Ğ³Ğ¾Ğ²Ğ¾Ñ€Ğ¸Ñ‚ÑÑ ....Ğ­Ñ‚Ğ¾ ÑˆÑ‚Ğ° Ğ·Ğ° Ğ°Ğ½Ğ¸Ğ¼Ğµ???)']
511,9UYKY1Qcd6Q,[]
512,Kt4EvOLz5lY,[]
513,0YouVC6i96U,['favorited']
514,GZGNTmpFQoM,[]
515,o6_d-GIyhGA,[]
516,9TM_u3-8FNI,"['Ğ½ÑƒÑƒ Ğ¿Ñ€Ğ¸ĞºĞ¾Ğ»ÑŒĞ½Ğ¾', 'ĞĞ´ Ğ´Ğ»Ñ ÑĞ¿Ğ¸Ğ»ĞµĞ¿Ñ‚Ğ¸ĞºĞ°']"
517,tdoFFwCXUJ0,"['Ğ‘Ğ»Ğ¸Ğ½, ĞºĞ°Ğº Ğ¶Ğµ ÑÑ‚Ğ¾ ĞºĞ»Ğ°ÑÑĞ½Ğ¾, Ğ¿Ğ»ĞµĞ²Ğ°Ñ‚ÑŒ Ñ‡Ñ‚Ğ¾ Ğ¿ĞµÑĞ½Ñ Ğ¾Ğ±Ñ€ĞµĞ·Ğ°Ğ½Ğ°, Ğ²ÑĞµ Ñ€Ğ°Ğ²Ğ½Ğ¾ ÑĞ´ĞµĞ»Ğ°Ğ½Ğ¾ Ğ¾Ñ‡ĞµĞ½ÑŒ ĞºÑ€Ğ°ÑĞ¸Ğ²Ğ¾']"
518,2UUO_i2Kf5k,"['Ğ¿Ğ¾ Ğ¿ĞµÑ€ĞµĞ²Ğ¾Ğ´Ñƒ Ğ²ÑĞµ Ğ¿Ğ¾Ğ´Ñ…Ğ¾Ğ´Ğ¸Ñ‚ xD', 'Ğ½Ğ¸Ñ‡ĞµĞ³Ğ¾ Ñ‚Ğ°Ğº, Ğ¿Ğ¾ÑĞ¼ĞµÑÑ‚ÑŒÑÑ Ğ¼Ğ¾Ğ¶Ğ½Ğ¾']"
519,AMs97pb6MXY,[]
520,JEqVs-wen2o,[]
521,2BflcmQftO0,[]
522,p8EMNXcApDQ,['NICE']
523,-9QykZwb-TM,['You deserve more views']
524,BqP8h3yH_Sc,[]
525,-oa7SrWAq5s,[]
526,AI4NFL0gka0,[]
527,xcDnbv_ZR8U,['ĞšĞ»Ğ°ÑÑĞ½Ñ‹Ğµ Ñƒ Ğ²Ğ°Ñ Ğ²Ğ¸Ğ´ĞµĞ¾ Ğ¿Ğ¾Ğ»ÑƒÑ‡Ğ°ĞµÑ‚ÑÑ)Ğ»Ğ°Ğ¹Ğº Ğ·Ğ°ÑĞ»ÑƒĞ¶ĞµĞ»Ğ¸) Ğ° Ğ¼Ğ¾Ğ¶ĞµÑ‚Ğµ Ğ·Ğ´ĞµĞ»Ğ°Ñ‚ÑŒ Ğ¿Ñ€Ğ¾ Ğ¼Ğ°ÑÑ‚ĞµÑ€Ğ° Ğ¼ĞµÑ‡Ğ° Ğ¾Ğ½Ğ»Ğ°Ğ¹Ğ½ ĞºĞ»Ğ¸Ğ¿??']
528,UWZVCaOkrWg,[]
529,s8SfNUHY4Zk,['beautiful']
530,8ZFcTwRMlrA,[]
531,FGgSH5e9JhM,['What is the anime of thumbnail?']
532,ZLdx4WKxyBw,"['give me a shout out bro  keep up the good amv', 'Nice amv keep up the good work :)ğŸ‘ğŸ‘ğŸ˜Š', 'Ğ˜Ñ‚Ğ¸Ñ€ĞµÑĞ½Ğ° Ğ¼ÑƒĞ·Ğ¸ĞºĞ°']"
533,lYtMpeL7MOk,[]
534,4-WksNLJW08,[]
535,l3FDnhxL-e8,"['Ğ§Ñ‚Ğ¾ Ñ Ñ‚Ğ¾Ğ»ÑŒĞºĞ¾ Ñ‡Ñ‚Ğ¾ Ğ¿Ğ¾ÑĞ¼Ğ¾Ñ‚Ñ€ĞµĞ»?', 'Ğ”Ğ¾Ğ²Ğ¾Ğ»ÑŒĞ½Ğ¾ Ğ¼Ğ¸Ğ»Ğ¾Ğµ']"
536,FpQvRUrIXfc,[]
537,b5skJiv7Uew,[]
538,2H5XawSwdhE,[]
539,GEMZrvbQUxw,[]
540,0D8aFjiS25Q,"['Ğ­Ñ…Ñ…, Ğ´ÑƒÑˆĞµĞ²Ğ½ĞµĞ½ÑŒĞºĞ¾, Ğ¾Ñ‡ĞµĞ½ÑŒ Ğ¿Ğ¾Ğ½Ñ€Ğ°Ğ²Ğ¸Ğ»Ğ¾ÑÑŒ ;)']"
541,fcSBr3c97g8,[]
542,lDRqGmJ4jAM,"['Macross Frontier', 'Ñ‡Ğµ Ğ·Ğ° Ğ°Ğ½Ğ¸Ğ¼Ğ°?']"
543,y5oFipVftQ4,['Ğ¼ÑƒĞ·Ñ‹ĞºÑƒ ÑƒĞ´Ğ°Ğ»Ğ¸Ğ»Ğ¸(((...Ğ¿ĞµÑ€ĞµĞ·Ğ°Ğ»ĞµĞ¹ Ğ² Ğ²Ğº ĞµÑĞ»Ğ¸ Ğ¼Ğ¾Ğ¶Ğ½Ğ¾ ĞºĞ¾Ğ½ĞµÑ‡Ğ½Ğ¾.....']
544,eJJEDNiJXvg,['ğŸ‘ğŸ»ğŸ‘ğŸ»ğŸ‘ğŸ»']
545,2yVBKTCnmWs,[]
546,9f1ZfnweDhI,[]
547,hZLOEhexMms,[]
548,AcKlQA4OHFs,"['ĞÑ‚Ğ»Ğ¸Ñ‡Ğ½Ğ¾!\n\nĞœÑƒĞ·Ñ‹ĞºĞ°: The Cinematic Orchestra - That Home', 'ĞºĞ°Ğº Ğ¼ÑƒĞ·Ğ¾Ğ½ Ğ½Ğ°Ğ·Ñ‹Ğ²Ğ°ĞµÑ‚ÑÑ?']"
549,bx6XlPe6waU,[]
550,W1YiAMIX9F8,[]
551,7mdmIrb5x-U,[]
552,O7UxgiCt1MQ,[]
553,Ky8xXJDy7M8,[]
554,vgOeNfCRexg,['ĞšĞ°Ğ½Ğ¾Ğ½ - Ğ²ĞµĞ»Ğ¸ĞºĞ¾Ğ»ĞµĞ¿Ğ½Ğ¾Ğµ Ğ¿Ñ€Ğ¾Ğ¸Ğ·Ğ²ĞµĞ´ĞµĞ½Ğ¸Ğµ! Ğ˜ Ğ´Ğ°Ğ½Ğ½Ñ‹Ğ¹ Ñ€Ğ¾Ğ»Ğ¸Ğº Ñ…Ğ¾Ñ€Ğ¾ÑˆĞ¾ Ğ¿ĞµÑ€ĞµĞ´Ğ°Ğ» Ñ‡Ğ°ÑÑ‚Ğ¸Ñ‡ĞºÑƒ Ğ°Ñ‚Ğ¼Ğ¾ÑÑ„ĞµÑ€Ñ‹ ÑÑ‚Ğ¾Ğ³Ğ¾ Ğ°Ğ½Ğ¸Ğ¼Ğµ! ']
555,KHUPOEp7gnQ,[]
556,VJXZ3XyFNWk,"['come on, original amv, you adited,  came about 5-7 years ago', 'in 2015 it is still the best amv on the internet.']"
557,VnG6uCqJOaE,[]
558,SyiQZEt7Puo,[]
559,EC1mZ83fFvg,[]
560,h1_l9yAzW_c,[]
561,jfLiIeAof50,"['Ğ§Ñ‚Ğ¾ Ğ·Ğ° ĞĞ½Ğ¸Ğ¼Ğµ?', 'Ğ­Ğ¿Ğ¸Ñ‡Ğ½Ğ¾']"
562,0P5f6xpHhpE,"['Ğ‘Ğ¾Ğ¶Ğµ Ğ½Ğ¾ÑÑ‚Ğ°Ğ»ÑŒĞ³Ğ¸Ñ... Ğ²ÑĞ¿Ğ¾Ğ¼Ğ¸Ğ½Ğ°ÑÑ‚ÑÑ Ñ‚Ğ°ĞºĞ¸Ğµ AMV ĞºĞ°Ğº ""Its all over"", ""Phenomenon"", ""Goodbye"", ""Hit the floor"" ÑÑ…, ĞºĞ»Ğ°ÑÑĞ¸ĞºĞ°!)', 'nostalgic']"
563,wu8BdbuugdQ,[]
564,Mx1JAbPs930,[]
565,-4i_e-l3rsw,[]
566,bk2tVHuDe1M,[]
567,6k-ZnVJd_YI,[]
568,rtGkfvbrYYk,[]
569,qCIYQ9CZbNM,[]
570,EW-A2KgSaTg,['Ğ Ñ‡Ñ‚Ğ¾ Ñ‚Ğ°ĞºĞ¾Ğµ ÑÑ‚Ğ°Ñ€Ğ¾Ğµ ']
571,vnMmksrtTpU,[]
572,ARK0JMc4O_4,[]
573,_NRaiWUcYhw,[]
574,u2H1KUFtyXg,[]
575,bJVyTa90cZA,"['ĞÑ„Ğ¸Ğ³ĞµĞ½Ğ½Ñ‹Ğ¹ ĞºĞ»Ğ¸Ğ¿ Ğ²Ñ‹ÑˆĞµĞ»! Ğ¡ĞºĞ¾Ğ»ÑŒĞºĞ¾ Ğ»ĞµÑ‚, Ğ° Ñ Ğ¿Ñ€Ğ¾Ğ´Ğ¾Ğ»Ğ¶Ğ°Ñ ÑÑĞ´Ğ° Ğ²Ğ¾Ğ·Ğ²Ñ€Ğ°Ñ‰Ğ°Ñ‚ÑŒÑÑ.']"
576,IgDbkT6UcuY,[]
577,Pu9L6HBTOgs,[]
578,Fm_Q75vvYCE,[]
579,9MwIIiPOfVM,['beautiful']
580,1k3VcXd9Xi8,[]
581,aseWF1WF_mk,"['Thanks for the shout out, guys! Glad to to see this is still floating out there. :)', 'Just an Amazing Edit o,O']"
582,St0KvONbtBo,['Ğ°\xa0Ru.Comix 4 Ğ±ÑƒĞ´ĞµÑ‚ Ğ¸Ğ»Ğ¸ Ğ½ĞµÑ‚ Ğ¼Ğ½Ğµ Ğ¶Ğ´Ğ°Ñ‚ÑŒ Ğ¸Ğ»Ğ¸ Ğ½ĞµÑ‚']
583,6YJlsoa6Bmo,"['Ğ° Ñ‡Ñ‘ ,Ğ¿Ñ€Ğ¸ĞºĞ¾Ğ»ÑŒĞ½Ğ¾ Ğ²Ñ‹ÑˆĞ»Ğ¾']"
584,zsrbEthcO7c,[]
585,SUA5vb5gOt0,[]
586,q_it_HOzmbc,[]
587,gSdRFb-Z3_o,[]
588,c7zSiizPe0o,[]
589,wram6PWqItM,"['mano bom msm', 'demais faz do ascencion', 'fico pau']"
590,JTJWafO9EbI,['Ø±ÙˆÙˆÙˆÙˆÙˆÙˆÙˆÙˆÙˆÙˆÙˆÙˆÙˆÙˆØ¹Ø©']
591,tHVVcY1d5Rc,['what anime is? please']
592,LeoAGaduF4I,[]
593,OtD_0rJsI2U,[]
594,4elTtzleKVU,[]
595,gAxe3z_e58Q,['awesome']
596,6B-a7OXw1cI,"[""ROFLMAO at the ending. that was epic, but i'm sure that's not actually that was said XD. gotta love fake subs.""]"
597,Lx98LhIlB5c,[]
598,BtwqPgZDb9Y,"['This amv was wht got me into kara no kyoukai & discovering all abt ufotable/type-moon production & also fate, it was the best thing tht ever happened to me so i thank you from the bottom of my heart thank you ğŸ’œğŸ’•ğŸ’œğŸ’•ğŸ’œğŸ’•ğŸ’œğŸ’•', 'xDieguitoAMV is a BEAST !']"
599,BIG6xlUh8IE,[]
600,uVv5G7m1Mt4,[]
601,TVXBPRlQyS0,[]
602,cLIffEdNQjM,['gosteiğŸ‘\nnice']
603,MyMKYUxCKK8,[]
604,hKVxt6LRb8E,[]
605,SAsDrssDF6g,[]
606,FT9DFrtMnBk,[]
607,9wVDrrScA_I,[]
608,ea7h7_i0loM,[]
609,5j2hEuuSf1M,[]
610,XtJWPcxlR1Q,[]
611,D1JZva8Ten0,"['so  goodï¼ï¼ğŸ˜„', 'Ğ¨ĞµĞ´ĞµĞ²Ñ€!']"
612,y5wvxdyHXBE,[]
613,vJcn9TCP2PM,[]
614,vd2O1RLiCyY,"[""I'm so sad. Okita-san is my favorite character in Hakuouki. But, your video is beautiful. Amazing! Thanks.""]"
615,-yVmxi7uTNo,['nerv uses IE?']
616,og6tv5Zbbu8,[]
617,WBkUnB1R_DE,"['This takes me back, what a nostalgia. With memory flash 3. Ty!']"
618,5Te2yDdWGMk,[]
619,ZOjrTFZHyQs,[]
620,AgScsZ7Yj1c,['Ğ¥Ğ¾Ñ€Ğ¾ÑˆĞ¾ Ğ²Ñ‹ÑˆĞ»Ğ¾. 5']
621,zvRu0X567ok,[]
622,09-VtnmW2EY,['Anime list? ']
623,rnHtU8L675U,[]
624,OsdodhKOVRU,['Como se llama el anime o es fake']
625,xncWRqS0Ytk,[]
626,S3_85AEFDYI,[]
627,ofly5XhyY-o,['Ğ½ĞµĞ¿Ğ»Ğ¾Ñ…Ğ¾.Ğ¿Ñ€Ğ¾Ğ´Ğ¾Ğ»Ğ¶Ğ°Ğ¹Ñ‚Ğµ Ğ²Ñ‚Ğ¾Ğ¼Ğ¶Ğµ Ğ´ÑƒÑ…Ğµ!']
628,7Ir7ZcC_V7s,['Ğ°Ñ„Ğ¸Ğ³ĞµÑ‚ÑŒ!!!!']
629,yJYx-6gF9qI,['ĞšÑ€ÑƒÑ‚Ğ¾Ğµ Ğ°Ğ½Ğ¸Ğ¼Ğµ + ÑÑƒÑ€Ğ¾Ğ²Ñ‹Ğ¹ Ğ¼Ğ¾Ğ½Ñ‚Ğ°Ğ¶ = ĞšÑ€ÑƒÑ‚Ğ¾.']
630,OcWTGhRRxLw,"[""Glad to see this back...Don't know why this keeps getting removed?"", 'What the name of the song?', 'Ğ’ Ğ¼Ğ°Ğ½Ğ³Ğµ Ğ½Ğ° Ğ½ĞµÑ‘ Ğ¿Ğ¾ÑĞ»Ğµ Ğ²Ğ¾Ğ¾Ğ±Ñ‰Ğµ Ğ·Ğ°Ğ±Ğ¸Ğ»Ğ¸ ']"
631,RcVgkXPXnpg,"['Ğ¡Ğ²Ğ¾ĞµĞ¾Ğ±Ñ€Ğ°Ğ·Ğ½Ğ¾Ğµ AMV.ĞœĞ½Ğµ Ğ¾Ñ‡ĞµĞ½ÑŒ Ğ¿Ğ¾Ğ½Ñ€Ğ°Ğ²Ğ¸Ğ»Ğ¾ÑÑŒ', 'Ğ¢ĞµÑ…Ğ½Ğ¸Ñ‡ĞµÑĞºĞ¸ ĞºÑ€ÑƒÑ‚Ğ°Ñ Ñ€Ğ°Ğ±Ğ¾Ñ‚Ğ°! 5']"
632,ZGdDEmHHSb0,['You can never go wrong with using\xa0Bakemonogatari for an amv.']
633,muJvsUDECeA,[]
634,9H8RqFBK_KA,[]
635,MU_Sm79_zts,['Wow this brings back memories. \xa0I remember watching this years ago.']
636,i6YuQDgdXZ8,[]
637,GBH5qIo2UwM,[]
638,6fUg_d32NAE,[]
639,-CkaIWkHksg,['Ğ­Ñ‚Ğ¾ Ñ‡Ñ‚Ğ¾ Ñ‚Ğ¾  Ğ½Ğµ Ñ‡Ñ‚Ğ¾']
640,ERiHCbIkI8A,"['ĞšÑ€ÑƒÑ‚Ğ¾!', 'ÑÑ‚Ğ¾ ÑˆĞµĞ´ĞµĞ²Ñ€']"
641,eDaQmur2bUE,[]
642,7XHlQXruEc8,[]
643,0C0snHrPbJ0,[]
644,p2w0XfZZZ_g,[]
645,Q_C0oIsSBX0,['best amv for this show.']
646,IPrWlTcp7m0,[]
647,W1gY1kdMEjs,[]
648,IYiaxIPSc98,[]
649,HzbvfcseYeU,[]
650,FSO2EcGk4SI,['this is very good stuff :O']
651,u2-yP2KdsmQ,[]
652,XMVM72vSeB4,"['ĞÑƒ Ğ½Ğµ Ğ»ÑĞ±Ğ»Ñ Ñ 3D...', 'ÑÑƒĞ¿ĞµÑ€']"
653,w8jiUBe5MTU,[]
654,dSkrY4F9j6w,[]
655,Q9-LCcPqcq0,[]
656,I1nrnfQgdlA,[]
657,1dqcwIRu0Mo,[]
658,GDlBkUZX-64,[]
659,r5ICYM0UpIo,['BadAss! Loved It.']
660,st439cJxD50,[]
661,NtD2JHoiMjs,['This is wrong on so many levels.']
662,1RCbHHJyLv0,"['omg, please this needs and english version !1!!""!""@L1rknq2ir qviewrjcnadfkawfaewq']"
663,sktUBXLNK4o,[]
664,1ubAoerfI1Q,"['Ğ¡Ñ‚Ñ€Ğ°Ğ½Ğ½Ğ¾, Ñ ÑÑ‚Ğ°Ñ€Ğ°ÑÑÑŒ Ğ½Ğµ Ğ¿Ñ€Ğ¾Ğ¿ÑƒÑĞºĞ°Ñ‚ÑŒ Ğ¸Ğ½Ñ‚ĞµÑ€ĞµÑĞ½Ñ‹Ğ¹ Ğ¼Ğ¾ÑƒÑˆĞµĞ½. ĞŸĞ¾Ğ»ÑƒÑ‡Ğ¸Ğ»Ğ¾ÑÑŒ Ğ½ĞµĞ¼Ğ½Ğ¾Ğ³Ğ¾ Ñ€Ğ°Ğ·Ğ½Ğ¾ÑˆĞµÑ€ÑÑ‚Ğ½Ğ¾, ÑĞ»Ğ¸ÑˆĞºĞ¾Ğ¼ Ğ¼Ğ½Ğ¾Ğ³Ğ¾ ÑĞ²Ğ¾Ğ»ÑÑˆĞ½Ğ° ""Ğ² ÑĞµĞºÑƒĞ½Ğ´Ñƒ"", Ğ¸ ÑˆÑ€Ğ¸Ñ„Ñ‚Ñ‹ Ñ‚Ğ°ĞºĞ¸Ğµ Ğ½ĞµĞ¼Ğ½Ğ¾Ğ³Ğ¾ Ğ½Ğµ Ğ² Ñ‚ĞµĞ¼Ñƒ ÑĞ¼Ğ¾Ñ‚Ñ€ĞµĞ»Ğ¸ÑÑŒ, Ğ½Ğ¾ Ğ² Ğ¾ÑÑ‚Ğ°Ğ»ÑŒĞ½Ğ¾Ğ¼ Ñ…Ğ¾Ñ€Ğ¾ÑˆĞ¸Ğ¹ Ğ¸ÑÑ…Ğ¾Ğ´Ğ½Ğ¸Ğº Ğ¸ Ğ¸Ğ´ĞµÑ. ĞŸĞ¾Ğ»ÑĞ±Ğ¾Ğ²Ğ°Ğ»Ğ°ÑÑŒ Ğ»ÑĞ±Ğ¸Ğ¼Ñ‹Ğ¼Ğ¸ ĞºĞ°Ğ´Ñ€Ğ°Ğ¼Ğ¸)']"
665,nCZLfe8s6ns,['russians make some of the best AMVs :D']
666,fIEvxn022J0,['one of my faavorite darker than black amvs']
667,2X4e5fhvEXE,[]
668,Chc1iPK-fGs,"['Goated', 'Ğ§Ñ‚Ğ¾-Ñ‚Ğ¾ ĞºĞ°Ğº Ñ‚Ğ¾ Ğ½Ğµ Ğ¾Ñ‡ĞµĞ½ÑŒ, Ğ½Ğµ Ğ¿Ñ€Ğ¾Ğ½Ğ¸ĞºÑÑ.']"
669,t4c2jPSj0lM,[]
670,8PvskatST9o,[]
671,O9abgCc4hdY,[]
672,IIKoyofxGCk,[]
673,7cuHJMi7gHw,[]
674,zEx68yuTk-Y,['i watched the first version of this more than 10 years ago when i was studying hard in college\nnow its the pandemic\ngood to see this again\nit used to be painfully nostalgic to watch\nnow i enjoy seeing it']
675,6YYFU2UQMIw,[]
676,o5_lrkf4TUo,"['Ğ”Ğ»Ñ Ñ‚Ğ¾Ğ³Ğ¾ Ğ²Ñ€ĞµĞ¼ĞµĞ½Ğ¸ â€” Ğ¿Ñ€Ğ¾ÑÑ‚Ğ¾ Ğ¾Ñ„Ğ¸Ğ³ĞµĞ½Ğ½Ğ°Ñ Ñ€Ğ°Ğ±Ğ¾Ñ‚Ğ° Ğ² ĞĞ•. Ğ¡ĞµĞ¹Ñ‡Ğ°Ñ, ĞºĞ¾Ğ½ĞµÑ‡Ğ½Ğ¾, ÑƒĞ¶Ğµ Ğ½Ğµ Ñ‚Ğ°Ğº Ğ²Ğ¿ĞµÑ‡Ğ°Ñ‚Ğ»ÑĞµÑ‚, Ğ½Ğ¾ Ğ²ÑĞµ Ñ€Ğ°Ğ²Ğ½Ğ¾ ĞºÑ€ÑƒÑ‚Ğ¾!\nĞĞ¾, ĞµÑÑ‚ÑŒ Ğ¾Ğ´Ğ½Ğ¾ Ğ½Ğ¾! ĞĞœĞ’ ÑÑ‚Ğ¾ Ğ¼Ğ¾Ğ¶Ğ½Ğ¾ Ğ½Ğ°Ğ·Ğ²Ğ°Ñ‚ÑŒ Ğ»Ğ¸ÑˆÑŒ ÑƒÑĞ»Ğ¾Ğ²Ğ½Ğ¾, ĞºĞ°Ğº Ğ¢ÑƒÑ€Ğ±Ğ¾ Ğ¸ Ğ½Ğ°Ğ¿Ğ¸ÑĞ°Ğ».\nĞŸĞ¾ÑÑ‚Ğ¾Ğ¼Ñƒ Ğ·Ğ° ÑÑ„Ñ„Ğ¾Ñ€Ñ‚ Ğ¸ ĞºÑ€ÑƒÑ‚Ğ¾Ñ‚Ñƒ 5, Ğ° Ğ·Ğ° Ğ°Ğ¼Ğ²-Ñ€ĞµĞ»Ğ°Ñ‚ĞµĞ´ 3.\nĞĞ¾ Ñ‚Ğ°Ğº Ğ²ÑĞµ Ñ€Ğ°Ğ²Ğ½Ğ¾ 5. ĞÑ…, Ğ´Ğ°, ÑÑ‚Ğ¾ Ğ¶Ğµ Ğ¢Ñ‹Ñ‚Ñ€ÑƒĞ±. Like.', 'nice']"
677,kka-pvmQYcs,[]
678,tnJui5dnxbk,[]
679,8Y1ykmbileU,[]
680,yRr4pX2YMyo,[]
681,T8GzqNKe_yY,[]
682,wkDayDG6b7w,[]
683,nLqHJpiPGHI,['Ohhh Yeeeaaahhh']
684,kby9o3g_fK4,"['Ah I remember this one. A true gem!', 'Ğ“Ğ¾Ğ´Ğ½Ğ°.', 'Were comments deleted or did nobody even bother leaving a comment? Lol']"
685,Tqo03dw-6Z0,[]
686,lQMTrKNjL6k,['plz dont get more\xa0a copyrighted audio track. \xa0OR MY FAVORITE CHANNEL WILL BE DELETED BY YOUTUBE!\xa0']
687,bsy3r_O3rsE,[]
688,oo0BR9Z3eRU,['Ğ¿Ñ€Ğ¾ÑÑ‚Ğ¾ xD Ğ¼ÑƒĞ·Ñ‹ĞºĞ°']
689,QbtK_qHd7kg,['anime list ???']
690,0t1hDxN6WV4,[]
691,gbIFpC4P0EE,['Ñ…Ğ¼Ğ¼Ğ¼Ğ¼']
692,3FBn8sYjV2U,['ĞšĞ»Ğ°ÑÑĞ½Ñ‹Ğ¹ ĞºĞ»Ğ¸Ğ¿!']
693,DRocitQT7oE,[]
694,78Fxr8i-ges,['Ğ¾Ğ´Ğ¸Ğ½ Ğ¸Ğ· Ğ¿ĞµÑ€Ğ²Ñ‹Ñ… ĞºĞ»Ğ¸Ğ¿Ğ¾Ğ² Ğ¿Ğ¾ Ğ½Ğ°Ñ€ÑƒÑ‚Ğ¾ ĞºĞ¾Ñ‚Ğ¾Ñ€Ñ‹Ğµ Ñ Ğ²Ğ¸Ğ´ĞµĞ»)) ÑÑƒĞ¿ĞµÑ€!!!']
695,YEh3txlC_-k,[]
696,pkKUiQUKsSw,[]
697,rOu3eN_fQRE,[]
698,gjEXSkGlhaY,[]
699,F9Yhtt2C3Dc,['\xa0 \xa0']
700,RRXrZax-Dxg,"['Ğ¥Ğ¾Ñ€Ğ¾ÑˆĞ¾ ÑĞ´ĞµĞ»Ğ°Ğ½Ğ¾!', 'Ğ§Ñ‚Ğ¾ Ğ·Ğ° Ğ°Ğ½Ğ¸Ğ¼Ğµ?']"
701,GclmeHEqIPg,"['I love it!', 'This gave me goosebumps *-*', 'Ğ”ÑƒĞ±ÑÑ‚ĞµĞ¿ Ğ½ĞµĞ¾Ñ‡']"
702,FxldbEObXG0,"['This is such a good AMV.  I think I first saw it at Otakon long ago in the AMV contest.  Still love it.', 'Ğ½Ğ°Ğ¹Ñ)']"
703,LerLwlAzLg0,[]
704,w5E0RJDgNFg,"['Ğ¢Ğ°Ğº ĞºÑ€ÑƒÑ‚Ğ¾ Ğ¼Ğ¾Ğ¶ĞµÑ‚ Ğ½Ğµ Ğ¿Ğ¾Ğ»ÑƒÑ‡Ğ¸Ñ‚ÑÑ Ğ´Ğ°Ğ¶Ğµ Ñƒ Ğ¾Ğ¿Ñ‹Ñ‚Ğ½Ğ¾Ğ³Ğ¾ Ğ¿Ğ¾Ğ»ÑŒĞ·Ğ¾Ğ²Ğ°Ñ‚ĞµĞ»Ñ Ğ¿Ñ€Ğ¾Ğ³Ñ€Ğ°Ğ¼Ğ¼ Ğ´Ğ»Ñ ĞĞœĞ’, Ğ° Ñƒ Ğ²Ğ°Ñ ÑÑ‚Ğ¾ Ğ¿ĞµÑ€Ğ²Ñ‹Ğ¹ Ğ¾Ğ¿Ñ‹Ñ‚. ĞÑ‡ĞµĞ½ÑŒ Ñ…Ğ¾Ñ€Ğ¾ÑˆĞ¾ Ğ¿Ğ¾ÑÑ‚Ğ°Ñ€Ğ°Ğ»Ğ¸ÑÑŒ, Ğ¿Ñ€Ğ¾Ğ´Ğ¾Ğ»Ğ¶Ğ°Ğ¹Ñ‚Ğµ, ÑÑ‚Ğ¾ Ğ¾Ñ‡ĞµÑˆÑƒĞµĞ½Ğ½Ğ¾*^*', 'ĞŸĞµÑ€Ğ²Ñ‹Ğ¹ Ñ€Ğ°Ğ·? ĞšÑ€ÑƒÑ‚Ğ°Ñ‚ĞµĞ½Ğ¸Ñ‡ĞºĞ° Ğ¾Ğ´Ğ½Ğ°ĞºĞ¾ :D']"
705,Nrl01ungL3Y,['ĞºÑ€ÑƒÑ‚Ğ¾']
706,LQxjVx0o8mw,[]
707,_avw9CRk2yM,"['Ñ‡Ñ‚Ğ¾ Ğ·Ğ° Ğ°Ğ½Ğ¸Ğ¼Ğµ Ğ³Ğ´Ğµ Ğ¿Ğ°Ñ†Ğ°Ğ½ Ğ°Ğ½Ğ³ĞµĞ»?', 'Kaede! ;_;', 'Ñ‡Ñ‚Ğ¾ Ğ·Ğ° Ğ°Ğ½Ğ¸Ğ¼Ğµ Ğ¿Ğ¾Ğ´ÑĞºĞ°Ğ¶Ğ¸Ñ‚Ğµ Ğ¿Ğ¾Ğ¶Ğ°Ğ»ÑƒĞ¹ÑÑ‚Ğ°', 'ĞœĞ¾Ğ¶ĞµÑˆÑŒ ÑÑ‚Ñ€Ğ°Ğ¹Ğº Ğ¿Ğ¾Ğ»ÑƒÑ‡Ğ¸Ñ‚ÑŒ Ğ·Ğ° Ğ¾Ğ±Ğ½Ğ°Ğ¶ĞµĞ½Ğ½ÑƒÑ Ğ³Ñ€ÑƒĞ´ÑŒ Ğ² ĞºĞ°Ğ´Ñ€Ğµ AMV']"
708,OBFLXk823vg,[]
709,rUU1yB2txOY,"['I really, really like it, personally...', 'Old video is old. This editor sucks.']"
710,SNKt8u7P7_k,['Ğ’ĞµĞ»Ğ¸ĞºĞ¾Ğ»ĞµĞ¿Ğ½Ğ¾ Ğ¼Ğ½Ğµ Ğ¾Ñ‡ĞµĞ½ÑŒ-Ğ¾Ñ‡ĞµĞ½ÑŒ Ğ½Ñ€Ğ°Ğ²Ğ¸Ñ‚ÑÑ']
711,gEcQ_TUvhnU,[]
712,3_9Le_Mg3Gk,['Ğ Ñ‡Ñ‚Ğ¾ Ğ·Ğ° Ğ°Ğ½Ğ¸Ğ¼Ğµ ?']
713,EHn2M21GsRk,[]
714,vzhAWR1v2MY,[]
715,qI8uTAUpnEw,[]
716,u0q5WFVZ1hQ,"['I remember this video) Yes, chicly']"
717,JPA5AX8zZa8,[]
718,__eQcW0ikPM,['ĞĞµ ĞºĞ¾Ğ½ĞµÑ‡Ğ½Ğ¾ Ğ²ÑÑ‘ Ğ¿Ñ€Ğ¸ĞºĞ¾Ğ»ÑŒĞ½Ğ¾ Ğ¸ Ğ²ĞµÑĞµĞ»Ğ¾ Ğ½Ğ¾... ĞµÑĞ»Ğ¸ Ğ´Ğ¾Ğ¹Ğ´Ñ‘Ñ‚ Ğ´Ğ¾ Ğ¿ĞµÑ€ĞµÑÑ‚Ñ€ĞµĞ»ĞºĞ¸ Ñ‚Ğ¾ Ñ€ĞµĞ°ĞºÑ†Ğ¸Ñ Ğ²ĞµÑˆĞ° Ğ´Ğ¾ÑÑ‚Ğ°Ñ‚Ğ¾Ñ‡Ğ½Ğ¾ Ñ‡Ñ‚Ğ¾Ğ±Ñ‹ ÑƒĞ²ĞµÑ€Ğ½ÑƒÑ‚ÑÑ Ğ¾Ñ‚ Ğ¿ÑƒĞ»Ğ¸ Ğ½Ğ° Ğ±Ğ»Ğ¸Ğ·ĞºĞ¾Ğ¼ Ñ€Ğ°ÑÑÑ‚Ğ¾ÑĞ½Ğ¸Ğµ ĞºĞ°Ğº Ğ¼Ğ¸Ğ½Ğ¸Ğ¼ÑƒĞ¼. Ğ¸ ÑÑ‚Ğ¾ Ğ±ĞµĞ· Ñ€Ğ°Ğ·Ğ½Ñ‹Ñ… Ğ´Ğ¾Ğ¿Ğ¾Ğº Ñ‡Ğ¸ÑÑ‚Ğ¾ Ğ½Ğ° Ñ„Ğ¸Ğ·Ğµ Ñ‚Ğ°Ğº ĞºĞ°Ğº Ğ¾Ğ½ Ğ½Ğµ Ñ‡ĞµĞ»Ğ¾Ğ²ĞµĞº Ğ² Ğ¿Ñ€ÑĞ¼Ğ¾Ğ¼ ÑĞ¼Ñ‹ÑĞ»Ğµ ÑÑ‚Ğ¾Ğ³Ğ¾ ÑĞ»Ğ¾Ğ²Ğ° Ğ¾Ğ½ Ğ¾Ñ‡ĞµĞ½ÑŒ Ğ¼Ğ¾Ñ‰Ğ½Ñ‹Ğ¹ Ğ¸ Ğ¾Ñ‡ĞµĞ½ÑŒ Ğ¼Ğ°Ğ»ĞµĞ½ÑŒĞºĞ¸Ğ¹ Ğ³ĞµĞ½ĞµÑ€Ğ°Ñ‚Ğ¾Ñ€. ĞĞ°ÑÑ‚Ğ¾Ğ»ÑŒĞºĞ¾ Ğ¼Ğ¾Ñ‰Ğ½Ñ‹Ğ¹ Ñ‡Ñ‚Ğ¾ ÑĞµĞºÑƒĞ½Ğ´Ğ½Ğ¾Ğ¹ Ğ¿ĞµÑ€ĞµĞ³Ñ€ÑƒĞ·ĞºĞ¸ Ñ…Ğ²Ğ°Ñ‚Ğ¸Ñ‚ Ğ½Ğ° Ğ¾ÑÑ‚Ğ°Ğ²Ğ¸Ñ‚ÑŒ ĞºÑ€Ğ°Ñ‚ĞµÑ€ Ğ½Ğ° Ğ»ÑƒĞ½Ğµ Ñ Ğ¾Ñ‡ĞµĞ½ÑŒ Ğ¼Ğ°Ğ»Ñ‹Ğ¼ ĞºĞ¿Ğ´ Ğ¿Ğ¾ Ğ¼Ğ¾Ñ‰Ğµ.']
719,-FQ3dPru-hk,[]
720,gD4TeNximPA,['cool']
721,qZ2FTsFbbMs,['Super funny XD']
722,IHqLGO9bVzI,"['ĞŸĞ¸ĞºĞ°Ğ±ÑƒÑˆĞ½Ğ¸ĞºĞ°Ğ¼ Ğ¿Ñ€Ğ¸Ğ²ĞµÑ‚! )))', 'Ğ­Ñ…, Ğ½Ğ¾ÑÑ‚Ğ°Ğ»ÑŒĞ³Ğ¸Ñ Ğ¿Ğ¾ Ğ»2. Ğ¥Ğ¾Ñ‡Ñƒ Ğ¸Ğ³Ñ€Ğ°Ñ‚ÑŒ, Ğ½Ğ¾ Ğ±Ğ¾Ğ»ĞµĞ·Ğ½ÑŒ Ğ¸ ÑÑ‚Ğ°Ñ€Ñ‹Ğ¹ Ğ½Ğ¾ÑƒÑ‚(ĞµÑ‰Ğµ Ğ¸ Ñ ÑĞ»Ğ¾Ğ¼Ğ°Ğ½Ğ½Ñ‹Ğ¼ ÑĞºÑ€Ğ°Ğ½Ğ¾Ğ¼ Ğ¸Ğ· Ğ·Ğ° ÑĞµÑÑ‚Ñ€Ñ‹ Ğ½ĞµĞ°Ğ´ĞµĞºĞ²Ğ°Ñ‚ĞºĞ¸) Ğ¼ĞµÑˆĞ°ÑÑ‚.', 'Ğ˜ÑĞºĞ°Ğ» ĞºĞ»Ğ¸Ğ¿ Ğ¾Ñ‡ĞµĞ½ÑŒ Ğ´Ğ¾Ğ»Ğ³Ğ¾..Ğ² Ğ´ĞµÑ‚ÑÑ‚Ğ²Ğµ ÑĞ¼Ğ¾Ñ‚Ñ€ĞµĞ», Ğ½Ğµ Ğ¿Ğ¾Ğ¼Ğ½Ñ ĞºĞ°Ğº Ğ´Ğ°Ğ½Ğ¾, ĞĞ¾ Ğ¿Ñ€Ğ¸Ğ¼ĞµÑ€Ğ½Ğ¾ Ğ»ĞµÑ‚ 5 Ğ¿Ñ€Ğ¾ÑˆĞ»Ğ¾... Ğ½Ğ°ÑˆĞµĞ»...ĞœĞ½Ğµ ÑƒĞ¶Ğµ 20. Ğ ÑĞ¼Ğ¾Ñ†Ğ¸Ğ¸ Ğ½Ğµ Ğ¸Ğ·Ğ¼ĞµĞ½Ğ¸Ğ»Ğ¸ÑÑŒ ÑĞ¾Ğ²ÑĞµĞ¼. ĞšĞ°Ğº Ğ¿Ñ€Ğ¾Ğ±Ğ¸Ñ€Ğ°Ğ» ÑĞ½Ğ¾Ğ¿ Ğ¼ÑƒÑ€Ğ°ÑˆĞµĞº Ğ² Ğ´ĞµÑ‚ÑÑ‚Ğ²Ğµ, Ñ‚Ğ°Ğº Ğ¸ ÑĞµĞ¹Ñ‡Ğ°Ñ Ñ‚Ğ¾Ğ¶Ğµ ÑĞ°Ğ¼Ğ¾Ğµ. ĞŸĞµÑĞ½Ñ Ğ¸Ğ´ĞµĞ°Ğ»ÑŒĞ½Ğ¾ Ğ¿Ğ¾Ğ´Ñ…Ğ¾Ğ´Ğ¸Ñ‚. Ğ›Ğ¸Ğ½ĞµĞ¹ĞºĞ° ÑĞ»Ğ¸ÑˆĞºĞ¾Ğ¼ Ğ¼Ğ¾Ñ‰Ğ½Ğ°Ñ Ğ¸Ğ³Ñ€Ğ°, Ñ…Ğ¾Ñ‚ÑŒ Ğ¸ Ğ³Ñ€Ğ°Ñ„Ğ¾Ğ½ Ğ½Ğµ Ğ¾Ñ‡ĞµĞ½ÑŒ Ğ² ÑĞ°Ğ¼Ğ¾Ğ¼ Ğ³ĞµĞ¹Ğ¼Ğ¿Ğ»ĞµĞµ.', 'Ğ˜ÑĞºĞ°Ğ» ÑÑ‚Ğ¾Ñ‚ ĞºĞ»Ğ¸Ğ¿ Ğ´Ğ¾Ğ»Ğ³Ğ¾ Ğ¸ Ğ¼Ğ½Ğ¾Ğ³Ğ¾ Ñ€Ğ°Ğ· Ğ¾Ñ‡ĞµĞ½ÑŒ Ğ´Ğ°Ğ²Ğ½Ğ¾, Ğ° ÑĞµĞ³Ğ¾Ğ´Ğ½Ñ Ñ Ğ¿Ğ¾Ñ…Ğ¼ĞµĞ»Ğ° Ğ½Ğ°ÑˆĞµĞ» Ñ Ğ¿ĞµÑ€Ğ²Ğ¾Ğ³Ğ¾ Ñ€Ğ°Ğ·Ğ°) Ğ¿Ñ€Ğ¾ÑˆĞ»Ğ¾ 7 Ğ»ĞµÑ‚ ĞºĞ°Ğº Ñ Ğ¿Ğ¾ÑĞ»ĞµĞ´Ğ½Ğ¸Ğ¹ Ñ€Ğ°Ğ· Ğ¸Ğ³Ñ€Ğ°Ğ» Ğ² Ğ»2) ÑĞ¿Ğ°ÑĞ¸Ğ±Ğ¾', 'ĞĞ´Ğ°, ÑĞµĞ¹Ñ‡Ğ°Ñ ÑƒĞ¶Ğµ Ğ½Ğµ Ğ´ĞµĞ»Ğ°ÑÑ‚ CGI Ğ¿Ğ¾ Lineage 2, Ñ‚Ğ¾Ğ»ÑŒĞºĞ¾ Ğ¸Ğ½Ğ³ĞµĞ¹Ğ¼Ğ¾Ğ²Ñ‹Ğµ Ñ€Ğ¾Ğ»Ğ¸ĞºĞ¸, Ğ½Ğµ Ğ±Ğ»ĞµÑ‰ÑƒÑ‰Ğ¸Ğµ Ğ½Ğ¸Ñ‡ĞµĞ¼.\nĞĞ¼Ğ² ĞºĞ»Ñ‘Ğ²Ğ¾Ğµ, Ğ¼ÑƒĞ·Ñ‹ĞºĞ° Ñ‡Ñ‚Ğ¾ Ğ½Ğ°Ğ´Ğ¾.\xa0']"
723,D7Ik9NLWVsA,"['Ğ­Ñ‚Ğ¾ Ğ±Ñ‹Ğ»Ğ¾ ÑĞ¿Ğ¸Ñ‡Ğ½Ğ¾:3', 'Ğ”Ğ»Ñ Ğ½ĞµĞ·Ğ½Ğ°ÑÑ‰Ğ¸Ñ… - Ğ²Ğ¾ Ñ‡Ñ‚Ğ¾ Ğ´ĞµĞ²Ğ¸Ñ†Ñ‹ Ğ¸Ğ³Ñ€Ğ°ÑÑ‚?']"
724,4RZgSBYadm4,[]
725,6eaM_AesPQQ,[]
726,rtH39Ids5aA,[]
727,BxypeU0woL8,[]
728,TmhAXjWp6hk,[]
729,lys-RxiOvlM,[]
730,4lGBtXfXJCQ,[]
731,Vojtg9C_zlA,[]
732,9GxvGg9SVSI,[]
733,nSuyAWhz1FI,"['Ğ¡Ğ¾ ÑĞ¼Ñ‹ÑĞ»Ğ¾Ğ¼ Ğ¾Ğ´Ğ½Ğ°ĞºĞ¾!', 'ĞŸÑ€ĞµĞ²Ğ¾ÑÑ…Ğ¾Ğ´Ğ½Ğ¾!']"
734,8k3iA_pTxYg,['Great video!']
735,q6lIz7THnvc,"['Ğ§Ñ‚Ğ¾ Ğ·Ğ° Ğ°Ğ½Ğ¸Ğ¼Ğµ? \n', 'ĞÑ‡ĞµĞ½ÑŒ Ğ·Ğ´Ğ¾Ñ€Ğ¾Ğ²Ğ¾. Ğ¡Ğ¿Ğ°ÑĞ¸Ğ±Ğ¾.']"
736,yPVWqiGhXiA,"[""1:17 what anime pleas. it's not  K-on"", 'ĞÑƒ Ğ¿Ğ¾Ñ‡ĞµĞ¼Ñƒ ĞºĞ°Ñ‡ĞµÑÑ‚Ğ²Ğµ Ğ½Ğµ Ğ² HD(', 'Ğ§Ñ‚Ğ¾ Ğ·Ğ° Ğ°Ğ½Ğ¸Ğ¼Ğµ ĞºĞ¾Ğ³Ğ´Ğ° Ğ´ĞµĞ²ÑƒÑˆĞºÑƒ ÑĞ±Ğ¸Ğ²Ğ°ĞµÑ‚ Ğ³Ñ€ÑƒĞ·Ğ¾Ğ²Ğ¸Ğº Ğ¿Ğ¾Ğ´ÑĞºĞ°Ğ¶Ğ¸Ñ‚Ğµ Ğ¿Ğ¾Ğ¶Ğ°Ğ»ÑƒĞ¹ÑÑ‚Ğ° ']"
737,T0XVLks_f6Y,[]
738,d-NOoTdMqNk,[]
739,487IhDJBWCw,[]
740,cSfIsvffRvs,['Omgg the those feelings O.o']
741,TkNoqVSR_Ws,[]
742,mk8zv5pAARE,['Beautiful']
743,sPKx3ca1cek,"[""I'm in love with this song ğŸ˜­ğŸ˜«ğŸ’“â¤""]"
744,QO6r_Z7pkWQ,[]
745,_6tXYl3CkYo,[]
746,M3-wRj389fA,"['Very nice.\xa0\nOh, yeah,\xa0 this is a thing......uh.....First!']"
747,p0sfQ5s-0s4,[]
748,xDUhFXHyXeY,[]
749,xZYY-8zdDDw,[]
750,Wk3RuabFzdA,[]
751,oC-_kaZ2Frs,[]
752,RA6fKuqfs0Q,['ĞºÑ‚Ğ¾ Ğ¸ÑĞ¿Ğ¾Ğ»Ğ½Ğ¸Ñ‚ĞµĞ»ÑŒ?']
753,wwJ2IjcK1kY,['necesito mas drogas xD']
754,b1Cbt52tVn0,['Ğ•ÑĞ»Ğ¸ Ğ±Ñ‹ Ğ² Ğ³Ğ¸Ğ½Ñ‚Ğ°Ğ¼Ğµ Ğ½Ğµ Ğ±Ñ‹Ğ»Ğ¾ Ğ¸Ğ´Ğ¸Ğ¾Ñ‚Ğ¸Ğ·Ğ¼Ğ° Ğ±Ñ‹Ğ»Ğ¾ Ğ±Ñ‹ Ğ½ĞµĞ¿Ğ»Ğ¾Ñ…Ğ¾.']
755,DRILgiBCFTs,[]
756,8Y67s8coPEo,[]
757,UYy8xum_mtE,[]
758,aTzHr4i6GK4,['Ğ­Ğ¼ Ğ²Ğ¾Ğ¿Ñ€Ğ¾Ñ Ğ² ĞºĞ°ĞºĞ¸Ñ… ÑĞµÑ€Ğ¸ÑÑ… ÑÑ‚Ğ¾ Ğ¿Ñ€Ğ¾Ğ¸ÑÑ…Ğ¾Ğ´Ğ¸Ğ»Ğ¾ ?']
759,4aAg37ASy2M,[]
760,JsSjyCbTlY8,['God this AMV still fucks me up']
761,-5dckUXl7LQ,[]
762,acn23RR3TDI,[]
763,m9MB-K3aQYg,[]
764,yd1lN6Av4Fg,[]
765,obYtQ8NgLH8,"['ğŸ¤£ğŸ¤£ğŸ¤£ğŸ¤£ğŸ¤£ğŸ¤£ğŸ¤£ğŸ‘ğŸ‘ğŸ‘ğŸ‘\nĞĞ°Ğ¼Ğ½Ğ¾Ğ³Ğ¾ Ğ¿Ñ€Ğ¸ĞºĞ¾Ğ»ÑŒĞ½ĞµĞµ Ğ¾Ñ€Ğ¸Ğ³Ğ¸Ğ½Ğ°Ğ»Ğ°!\nĞĞ¡ĞšĞĞ Ğ!!!!!!!!!!!', 'Ğ¡ĞºĞ¾Ğ»ÑŒĞºĞ¾ ÑÑ‚Ğ¾Ğ¹ Ğ¿ĞµÑĞ½Ğµ Ğ»ĞµÑ‚? Ğ_Ğ¾\nĞ¯ ĞµÑ‘ ĞµÑ‰Ñ‘ Ğ² Ğ³Ğ»ÑƒĞ±Ğ¾ĞºĞ¾Ğ¼ Ğ´ĞµÑ‚ÑÑ‚Ğ²Ğµ ÑĞ»Ñ‹ÑˆĞ°Ğ»']"
766,dVEyvaD9YDY,[]
767,TbvrZi5GjBM,[]
768,SxA0Qap_Wh0,[]
769,-VjCBX-A-Cg,['ĞÑ‡ĞµĞ½ÑŒ Ñ…Ğ¾Ñ€Ğ¾ÑˆĞ¾!!']
770,4nxeR_n5D-0,[]
771,XzKXm_wFVks,[]
772,rKwhXGEd7gQ,['Ñ‡Ñ‚Ğ¾ ÑÑ‚Ğ¾ Ğ·Ğ° Ğ°Ğ½Ğ¸Ğ¼Ğµ?']
773,x_6k1Kwm5Wk,[]
774,GdUhc-hOApo,"['Ğ’ 2021 Ğ³Ğ¾Ğ´Ñƒ ÑÑ‚Ğ¾ Ğ²Ğ¸Ğ´ĞµĞ¾ Ğ½Ğµ Ğ²Ğ¾ÑĞ¿Ñ€Ğ¾Ğ¸Ğ·Ğ²Ğ¾Ğ´Ğ¸Ñ‚ÑÑ, ÑĞ»Ñ‹ÑˆĞµĞ½ Ñ‚Ğ¾Ğ»ÑŒĞºĞ¾ Ğ·Ğ²ÑƒĞº!', 'No matter how many anime mixes are made, this is one of the best anime mix you can find out there with a perfect song! I used to see this video back in and had it downloaded, but my hard disk crashed, and lost this gold video. I am glad I found this again! And why the hell this video has soooo less views???', 'Ğ¿Ñ€Ğ¸ĞºĞ¾Ğ»ÑŒĞ½Ğ¾ Ğ¿Ğ¾Ğ»ÑƒÑ‡Ğ¸Ğ»Ğ¾ÑÑŒ']"
775,OVQ8MHimNck,"['The Asteroids Galaxy Tour -\xa0Around the Bend', 'Ñ‡Ñ‚Ğ¾ Ğ·Ğ° Ğ¿ĞµÑĞ½Ñ Ğ² ÑĞ°Ğ¼Ğ¾Ğ¼ Ğ½Ğ°Ñ‡Ğ°Ğ»Ğµ Ğ¸Ğ³Ñ€Ğ°ĞµÑ‚ Ğ¿Ğ¾Ğ´ÑĞºĞ°Ğ¶Ğ¸Ñ‚Ğµ\xa0']"
776,qxr1jk1RvNM,[]
777,eFtFaPo9FxQ,[]
778,r9CCThXt3yU,"['Ğ¥Ğ¾Ñ€Ğ¾ÑˆĞ¾ 8,8 Ğ¸Ğ· 10\xa0']"
779,buOT4MjYzKI,['Ğ’Ğ¾Ñ‚ ÑÑ‚Ğ¾ ÑĞ¸Ğ½Ñ…Ñ€Ğ° Ğ¾_Ğ']
780,NayW7IltKAY,[]
781,5nex2X58mr4,[]
782,ZTyiiyGANdE,[]
783,m_4dS8HLF3I,['simplesmente um dos melhores amvs ja criados']
784,5dZl6jfW-es,[]
785,RkNuHt4huwk,[]
786,ldPigHMg5k4,[]
787,elkFvAZd2xk,[]
788,q88fgILZ4Nw,[]
789,h34R4zh_GTw,['Ğ—Ğ°Ñ†ĞµĞ½Ğ¸Ğ» ĞµÑ‰Ğµ Ğ½Ğ° ĞĞºÑ€Ğ¾ÑÑĞµ.\n10 Ğ¸Ğ· 10! Ğ Ğ“Ğ¾ÑĞ¿Ğ¾Ğ´Ğ¸! 10 Ğ¸Ğ· 10']
790,A9iMcMk3mUA,[]
791,dZD-1IrvPYY,['Ğ° ĞºĞ°Ğº Ğ°Ğ½Ğ¸Ğ¼Ğµ Ğ½Ğ°Ğ·Ñ‹Ğ²Ğ°ĞµÑ‚ÑÑ']
792,5_deSvQ9AFE,"['Ğ ÑƒĞºĞ¸ Ğ¾Ğ±Ğ¾Ñ€Ğ²Ğ°Ñ‚ÑŒ Ñ‚ĞµĞ¼ ĞºÑ‚Ğ¾ Ğ´Ğ¸Ğ·Ñ‹ Ğ¿Ğ¾ÑÑ‚Ğ°Ğ²Ğ¸Ğ», Ğ¢ĞĞš ĞĞ¡ĞšĞĞ Ğ‘Ğ˜Ğ¢Ğ¬ ""CLANAD"" Ğ‘Ğ˜Ğ› Ğ‘Ğ« Ğ˜Ğ¥ ĞŸĞĞšĞ Ğ’ Ğ¡ĞĞ‘Ğ¡Ğ¢Ğ’Ğ•ĞĞĞĞ™ ĞšĞ ĞĞ’Ğ˜ ĞĞ• Ğ—ĞĞ¥Ğ›Ğ•Ğ‘ĞĞ£Ğ›Ğ˜Ğ¡Ğ¬ !!!', 'Ğ•ÑĞ»Ğ¸ Ñ‡ĞµÑÑ‚Ğ½Ğ¾ , Ğ¿Ñ€Ğ¾ÑĞ»ĞµĞ·Ğ¸Ğ»ÑÑ Ğ·Ğ° Ğ´ÑƒÑˆÑƒ Ğ±ĞµÑ€Ñ‘Ñ‚\n.']"
793,rLh_kexla1Y,"[""Really nice, reminded me of all the sacrifices made :'(""]"
794,FpR4YTQjHwI,"['Ğ»ÑƒÑ‡ÑˆĞµĞµ amv Ğ¿Ğ¾ Ğ°Ñ„Ñ€Ğ¾', 'ĞœÑƒĞ·Ñ‹ĞºĞ° Ğ¿Ğ¾Ğ»Ğ½Ñ‹Ğ¹ Ğ¾Ñ‚ÑÑ‚Ğ¾Ğ¹, Ğ¾Ğ´Ğ½Ğ°ĞºĞ¾ Ñ ÑÑ‚Ğ¸Ğ¼ Ğ²Ğ¸Ğ´ĞµĞ¾ Ñ€ÑĞ´Ğ¾Ğ¼ Ğ±Ğ¾Ğ¶ĞµÑÑ‚Ğ²ĞµĞ½Ğ½Ğ¾!']"
795,eCX7IfKnxUs,['Whoa']
796,h2EDqo2GuMI,[]
797,nzog4lz4q3w,[]
798,rZwNltW07Bg,[]
799,K3Wncf5XLr4,"['ĞšÑ€ÑƒÑ‚ÑŒ )))', 'ĞÑ‡ĞµĞ½ÑŒ Ğ¿Ğ¾Ğ½Ñ€Ğ°Ğ²Ğ¸Ğ»Ğ¾ÑÑŒ ÑĞ¿Ğ°ÑĞ¸Ğ±Ğ¾ Ğ°Ğ²Ñ‚Ğ¾Ñ€Ñƒ\xa0', 'Ñ‡Ñ‘ Ğ·Ğ° Ğ°Ğ½Ğ¸Ğ¼Ğµ', 'ĞºÑ€ÑƒÑ‚Ğ¾ ĞºĞ°Ğº Ğ²ÑĞµĞ³Ğ´Ğ° )']"
800,gfn3Lh2K8vA,['awesome']
801,o-CI7NA6jTE,"['YAAS MY CHILDHOOD IM BACK', 'Ğ²Ğ¸Ğ´Ğ¸Ğ¼Ğ¾ ĞºÑ‚Ğ¾-Ñ‚Ğ¾ Ñ„Ğ°Ğ½Ğ°Ñ‚ĞµĞµÑ‚ Ğ¾Ñ‚ ĞºĞ¾ÑˆĞ°Ñ‡ÑŒĞ¸Ñ… ÑƒÑˆĞ°ĞµĞ¹', '0.58-1.05\nĞŸĞ¾Ğ´ÑĞºĞ°Ğ¶Ğ¸Ñ‚Ğµ, Ñ‡Ñ‚Ğ¾ Ğ·Ğ° Ğ°Ğ½Ğ¸Ğ¼Ğµ?)', 'ĞºĞ°Ğº Ğ°Ğ½Ğ¸Ğ¼Ñ Ğ½Ğ°Ğ·Ñ‹Ğ²Ğ°ĞµÑ‚ÑÑ', 'ĞºĞ°Ñ‚ÑÑ‚Ğ° Ğ´Ğ° Ğ²Ğ°Ğ°ÑƒÑƒÑƒÑƒÑƒÑƒ', 'ĞºĞ°Ğº ÑÑ‚Ğ¾ Ğ¿Ñ€Ğ¾ĞºĞ¾Ğ¼ĞµĞ½Ñ‚Ğ¸Ñ€Ğ¾Ğ²Ğ°Ñ‚ÑŒ Ğ° ????????????']"
802,xBgEBrG9W1I,"[""What's the anime from 0:35 to 1:11 ?""]"
803,07RioMyU7mo,['A different kind of AMV. supercell. . I like it :)']
804,4gWS_l9hTEA,"['Ñ‡Ñ‚Ğ¾ Ğ·Ğ° Ğ¿ĞµÑĞ½Ñ?', 'Ğ¿Ğ¾Ğ¶Ğ°Ğ»ÑƒÑÑ‚Ğ° ÑĞºĞ°Ğ¶Ğ¸Ñ‚Ğµ Ğ½Ğ°Ğ·Ğ²Ğ°Ğ½Ğ¸Ğµ Ğ°Ğ½Ğ¸Ğ¼Ğµ Ğ½Ğ° 1:8 ÑĞµĞºÑƒĞ½Ğ´Ğµ ?']"
805,U7vFbYF4Bso,[]
806,YcLRJbt8Vw0,['ÑÑƒĞ¿ĞµÑ€']
807,Z6jURDj7b4s,"['ã…—', 'Oscar!!', 'WowğŸ˜ğŸ˜ğŸ˜']"
808,uvgHlUwfhf0,"['+Michele Deponti\xa0Monogatari Series', ""what's anime is?""]"
809,zXvhXFhXeBc,"['ĞšĞ»Ğ°ÑÑĞ¸ĞºÑƒ Ğ·Ğ°Ğ±Ñ‹Ğ²Ğ°Ñ‚ÑŒ Ğ½ĞµĞ»ÑŒĞ·Ñ. ĞŸĞ¾Ğ¼Ğ½Ñ ĞºĞ°Ğº Ğ¾Ñ‚ ÑÑĞ´Ğ° Ğ¿Ğ¾Ğ´Ğ´Ñ‡ĞµÑ€Ğ½ÑƒĞ» Ğ¿Ğ°Ñ€Ñƒ Ğ¿ĞµÑĞµĞ½ Ğ¸ Ğ¿Ğ°Ñ€Ñƒ Ğ³Ñ€ÑƒĞ¿Ğ¿ Ğ´Ğ»Ñ ÑĞµĞ±Ñ Ğ¾Ñ‚ĞºÑ€Ñ‹Ğ»', 'Ğ¨ĞµĞ» ĞĞ²Ğ³ÑƒÑÑ‚ 2022 Ğ³Ğ¾Ğ´Ğ°.... Ğ Ñ Ğ²ÑĞµ Ñ‚Ğ°Ğº Ğ¶Ğµ ÑÑ‡Ğ¸Ñ‚Ğ°Ñ ÑÑ‚Ğ¾ ÑˆĞ¸ĞºĞ°Ñ€Ğ½Ñ‹Ğ¼ Ñ‚Ğ²Ğ¾Ñ€ĞµĞ½Ğ¸ĞµĞ¼.', 'ĞĞ° 15:53 Ñ‡Ñ‚Ğ¾ Ğ·Ğ° Ñ‚Ñ€ĞµĞº?', 'ĞœĞ´Ğ°, Ğ·Ğ° Ğ´ĞµÑÑÑ‚ÑŒ Ğ»ĞµÑ‚ ÑˆÑƒÑ‚ĞºĞ¸ Ğ¸ Ğ¿Ñ€Ğ¸ĞºĞ¾Ğ»Ñ‹ ÑƒÑÑ‚Ğ°Ñ€ĞµĞ»Ğ¸ ĞºĞ°Ñ€Ğ´Ğ¸Ğ½Ğ°Ğ»ÑŒĞ½Ğ¾. ĞĞ¸ Ñ€Ğ°Ğ·Ñƒ Ğ·Ğ° Ğ²Ğ¸Ğ´ĞµĞ¾ Ğ½Ğµ ÑƒĞ»Ñ‹Ğ±Ğ½ÑƒĞ»ÑÑ.', '2021. Ğ¯ Ğ²ÑĞµ ĞµÑ‰Ñ‘ Ğ²Ğ°Ñ Ğ»ÑĞ±Ğ»Ñ)', 'Ğ¿ĞµÑ€Ğ²Ñ‹Ğµ Ğ°Ğ½Ğ¸Ğ¼Ğ° Ğ¿Ñ€Ğ¸ĞºĞ¾Ğ»Ñ‹ Ğ´Ñ‹Ğº ÑĞºĞ°Ğ·Ğ°Ñ‚ÑŒ', '900-Ğ¾Ñ‡ĞºÑƒ', 'Ğ¾Ñ…Ñ…Ñ…Ñ…Ñ… Ğ²Ğ¾Ñ‚ ÑÑ‚Ğ¾ ÑÑ‡Ğ° Ğ½Ğ¾ÑÑ‚Ğ°Ğ»ÑŒĞ³Ğ¸Ñ Ğ±Ñ‹Ğ»Ğ°)', 'Ğ»ÑƒÑ‡ÑˆĞ¸Ğ¹ Ğ¸Ğ· Ğ²ÑĞµÑ… Ğ²Ñ‹Ğ¿ÑƒÑĞºĞ¾Ğ²   Ğ¾ÑĞ¾Ğ±ĞµĞ½Ğ½Ğ¾ Ğ½Ğ°Ñ‡Ğ°Ğ»Ğ¾ Ğ¿Ğ¾Ğ´ mindless self indulgence', 'ĞœĞ¾Ğ¼ĞµĞ½Ñ‚ Ğ² Ğ¿ĞµÑ€ĞµÑ…Ğ¾Ğ´Ğ°Ñ… Mariaxholic ÑÑ‚Ğ¾ Ğ¾Ğ¿ĞµĞ½Ğ¸Ğ½Ğ³-ÑĞ½Ğ´Ğ¸Ğ½Ğ³ Ğ¸Ğ»Ğ¸ ĞµÑ‰Ğµ Ñ‡Ñ‚Ğ¾? Ğ’Ğ¾Ğ¾Ğ±Ñ‰ĞµĞ¼ Ğ¾Ñ‚ĞºÑƒĞ´Ğ° Ñ‚Ğ°Ğ¼ ÑÑ‚Ğ¸ ÑĞ¸ÑÑŒĞºĞ¸?']"
810,FPMtJa6vSZg,[]
811,ZJQe7-AlCxQ,"['ĞºĞ¾Ğ²Ğ±Ğ¾Ğ¹ Ğ±Ğ¸Ğ±Ğ¾Ğ¿ Ğ¸ 2 Ğ°Ğ½Ğ¸Ğ¼Ğµ Ğ½Ğ°Ğ·Ğ²Ğ°Ğ½Ğ¸Ñ Ğ½Ğµ Ğ¿Ğ¾Ğ¼Ğ½Ñ Ğ´Ğ°Ğ²Ğ½Ğ¾ ÑĞ¼Ğ¾Ñ‚Ñ€ĞµĞ» Ğ½Ğ¾ Ğ¾Ğ½Ğ¸ Ğ¸Ğ´ĞµĞ°Ğ»ÑŒĞ½Ğ¾ Ğ²Ğ¿Ğ¸ÑĞ°Ğ»Ğ¸ÑÑŒ Ğ¾Ğ½Ğ¸ Ğ´Ğ°Ğ¶Ğµ Ğ¿Ğ¾ Ñ…Ğ°Ñ€Ğ°ĞºÑ‚ĞµÑ€Ñƒ Ğ¿Ğ¾Ñ…Ğ¾Ğ¶Ğ¸', 'Ğ¡Ñ€Ğ°Ğ·Ñƒ Ğ½Ğ°Ğ²ĞµĞ²Ğ°ĞµÑ‚ Ğ²Ğ¾ÑĞ¿Ğ¾Ğ¼Ğ¸Ğ½Ğ°Ğ½Ğ¸Ñ Ğ¿Ñ€Ğ¾ Ğ»ÑĞ±Ğ¸Ğ¼Ñ‹Ğµ Ğ°Ğ½Ğ¸Ğ¼Ğµ. ĞšĞ»Ğ¸Ğ¿ ÑĞ´ĞµĞ»Ğ°Ğ½ Ğ¿Ğ¾Ñ‚Ñ€ÑÑĞ°ÑÑ‰Ğµ ĞºÑ€ÑƒÑ‚Ğ¾, Ğ¿Ñ€ĞµĞ´ÑÑ‚Ğ°Ğ²Ğ»ÑÑ, ÑĞºĞ¾Ğ»ÑŒĞºĞ¾ Ñ‚Ñ€ÑƒĞ´Ğ¾Ğ² Ğ½Ğ° ÑÑ‚Ğ¾ ÑƒÑˆĞ»Ğ¾!']"
812,EiekcnnTAgo,"['Ğ½ĞµĞ¿Ğ°Ğ½ĞµÑ‚Ğ½Ñ‹ Ğ°Ğ½ĞµĞ¼Ğµ', 'Ğ½ĞµĞ¿Ğ°Ğ½ĞµÑ‚Ğ½Ñ‹ Ğ°Ğ½ĞµĞ¼Ğµ', 'ĞºĞ°ĞºĞ¾Ğ³Ğ¾ Ğ»ĞµÑˆĞµĞ³Ğ¾ Ñ‚Ğ°Ğ¼ Ğ¿Ñ€Ğ¾Ğ¸ÑÑ…Ğ¾Ğ´Ğ¸Ñ‚????)', 'Ğ¨Ğ¸ĞºĞ°Ñ€Ğ½Ğ¾', 'ĞÑ„Ğ¸Ğ³ĞµĞ½Ğ½Ğ¾ Ñ€ĞµÑĞ¿ĞµĞºÑ‚ Ğ´Ğ°Ğ²Ğ°Ğ¹Ñ‚Ğµ Ğ¿Ñ€Ğ¾Ğ´Ğ¾Ğ»Ğ¶Ğ°Ğ¹Ñ‚Ğµ Ñ…Ğ¾Ñ‡Ñƒ Ğ²Ğ¸Ğ´ĞµÑ‚ÑŒ ĞµÑ‰Ğµ Ğ±Ğ¾Ğ»ÑŒÑˆĞµ Ğ¼Ğ¾Ğ½Ñ‚Ğ°Ğ¶Ğ°', 'Ğ¥Ğ°! Ğ­Ñ‚Ğ¾ Ğ¿Ñ€Ğ¾ÑÑ‚Ğ¾ Ğ¾Ñ„Ğ¸Ğ³ĞµĞ½Ğ½Ğ¾ ĞºÑ€ÑƒÑ‚Ğ¾!  ĞÑ‚Ğ»Ğ¸Ñ‡Ğ½Ğ°Ñ Ğ¼ÑƒĞ·Ñ‹ĞºĞ°, ÑÑƒĞ¿ĞµÑ€ ĞºÑ€ÑƒÑ‚Ğ¾Ğ¹ Ğ¼Ğ¾Ğ½Ñ‚Ğ°Ğ¶! The BEST!\nP.S. Tenacious D  FTW!', 'Ñ…DD', 'ÑˆĞ¸ĞºĞ¾Ñ']"
813,J7aZO6aJxI0,['Epic!!!']
814,2xbRWX6eYPY,[]
815,BqDFMLxL9N4,"['I needed this...thank you', 'Amazing....', 'Amazing', ""Really nice and motivational. I didn't notice the spelling error (litte -> little) until my fourth or fifth time watching it haha."", 'ĞšÑ€ÑƒÑ‚Ğ¾*.*', ""at one point in your life\xa0\nwe lose ourselves\xa0\nby saying ''goodbye'' to someone special\nwe prepare ourselves\xa0\nto have a good future\xa0\nand wait for it\nour holes lives\nwe see so much in our lives\xa0\ndreams, hopes, beliefs, souls, ideas, stories, morals, loved once, excuses\nwe are searching love\xa0\nfor true friendship\xa0\nwant for found a family\nbut time passes by\xa0\nand when we get older\xa0\nwe will learn that\xa0\nthe perfect moment of our past\nwill be a hurtful memory in our future\xa0\none single moment\xa0\ncan run our lives forever\nthe closest friendship\xa0\nwill end some day\xa0\nfinding love is not as easy as in movies\xa0\nand sometimes your best\xa0\njust isn't enough\xa0\nbut the most important thing\xa0\nthat we'll ever learn is\xa0\nthat our lives\xa0\nare so much more\nwe create\nwe destroy\nwe love\nwe hate\nis there a good?\nwhy am i alive?\ntrue love?\nfate or coincidence?\nwhy do we love/\nare we friends?\nmeaning or life?\nat one point in our lives\nwe find something worth fighting for\nwe appreciate all the little things\nand we will find\nthat one thing\xa0\nthat connects all of us\xa0\nand some day\xa0\nwhen we accepted both sides\nwe will stop running away from our lives.""]"
816,9ORP3iCtPO8,"['AMWNEWS Ğ›ÑƒÑ‡ÑˆĞ¸Ğµ !!!!!', 'Cute cat girl :3', ""waht's the Name of the Anime by 44 sec"", '22 ÑĞµĞºÑƒĞ½Ğ´Ğ°', 'Ñ€ĞµĞ±ÑÑ‚ Ğ¿Ğ¾Ğ´ÑĞºĞ°Ğ¶Ğ¸Ñ‚Ğµ Ñ‡Ñ‚Ğ¾ Ğ·Ğ° Ğ°Ğ½Ğ¸Ğ¼Ğµ Ğ½Ğ° 0:04 ÑĞµĞºÑƒĞ½Ğ´Ğµ Ğ¿Ğ»Ğ¸Ğ·\xa0', 'Ğ¡ 9 Ğ¿Ğ¾ 12 ÑĞµĞº Ñ‡Ñ‚Ğ¾ Ğ·Ğ° Ğ°Ğ½Ğ¸Ğ¼Ğµ?', 'Ğ½Ğ° 7-12 ÑĞµĞº Ñ‡Ñ‚Ğ¾ Ğ·Ğ° Ğ°Ğ½Ğ¸Ğ¼Ğµ Ğ³Ğ´Ğµ Ğ¼Ğ°ÑˆĞ¸Ğ½Ğ° ĞµĞ´Ğ¸Ñ‚', 'Ğ‘Ğ¾Ğ¶Ğµ! ĞœĞ¾Ğ¹ Ğ»ÑĞ±Ğ¸Ğ¼Ñ‹Ğ¹ ĞºĞ»Ğ¸Ğ¿! ĞŸĞ¾ÑĞ»Ğµ Ğ½ĞµĞ³Ğ¾ ÑÑ‚Ñƒ Ğ¿ĞµÑĞ½Ñ, Ğ´Ğ° Ğ¸ Ğ³Ñ€ÑƒĞ¿Ğ¿Ñƒ, ÑĞ»ÑƒÑˆĞ°Ñ Ğ±ĞµÑĞ¿Ñ€ĞµÑ€Ñ‹Ğ²Ğ½Ğ¾.', 'Ğ¡Ñ‚Ñ€Ğ°Ğ½Ğ½Ğ¾ Ñ‡Ñ‚Ğ¾ ĞŸÑƒÑ„Ğ¸ĞºĞ° Ğ½Ğµ Ğ²ÑÑ‚Ğ°Ğ²Ğ¸Ğ»Ğ¸ Ğ² Ğ²Ğ¸Ğ´ĞµĞ¾Ñ€ÑĞ´(.', 'Ğ–Ğ°Ğ»ÑŒ ĞºĞ¾Ğ½ĞµÑ‡Ğ½Ğ¾ Ñ‡Ñ‚Ğ¾ Ğ½ĞµÑ‚ ÑĞ¿Ğ¸ÑĞºĞ° Ğ°Ğ½Ğ¸Ğ¼Ğµ Ğ¸ÑĞ¿Ğ¾Ğ»ÑŒĞ·Ğ¾Ğ²Ğ°Ğ½Ğ½Ñ‹Ñ… Ğ² ÑÑ‚Ğ¾Ğ¹ AMV :)']"
817,CVcEQ88IjTU,"['background music is an OST from Hellgirl (Jigoku Shoujo). ^^', 'wat is that anime with that wight guys it awsome', ""it's wonderful.\xa0"", 'awesome. godlike . i wanted 720p']"
818,SW29njd0VNc,"['Ğ¼Ğ¾Ğ¶ĞµÑ‚Ğµ ÑĞ¿Ğ¸ÑĞ¾Ğº Ğ¿ĞµÑĞµĞ½ ÑĞºĞ¸Ğ½ÑƒÑ‚ÑŒ? Ğ¿Ğ¶', ""Para quem interessar ai vai a lista das bandas e canÃ§Ãµes da mixagem XD\n\nDJ Schmolli Mixing:\n\nLed Zeppelin - Whole Lotta Love\nRolling Stones - Sympathy For The Devil\nRun DMC - King Of Rock\nThe Chemical Brothers - Block Rockin' Beats\nTwisted Sister - I Wanna Rock\nKid Rock - Bawitdaba\nDio - Stand Up & Shout\nAC/DC - Let There Be Rock\nAC/DC - Back In Black\nRun DMC FT. Aerosmith - Walk This Way\nRed Hot Chili Peppers - Can't Stop\nDef Leppard - Rock Of Ages\nAlice Cooper - I'm Eighteen\nJoan Jett - I Love Rock N' Roll\nIron Maiden - Wasted Years\nN.E.R.D. - Rock Star\nQueen - We Will Rock You\nBeastie Boys - No Sleep Til Brooklyn\nThe Doors - Riders On The Storm\nAccept - Balls To The Wall\nFaith No More - Epic\nBlack Sabbath - War Pigs\nPhil Collins - In The Air Tonight"", '60 % Ğ¿ĞµÑĞµĞ½ Ñ‚Ğ¾Ğ»ÑŒĞºĞ¾ ÑƒĞ·Ğ½Ğ°Ğ»']"
819,AX_gQVGpht8,"['nice', 'Ğ¾Ñ‡ĞµĞ½ÑŒ Ñ…Ğ¾Ñ€Ğ¾ÑˆĞ¾']"
820,XJwLmRsXxWc,"['ÑÑ‚Ğ¾ Ğ¾Ñ…ÑƒĞµĞ½Ğ½Ğ¾', 'ĞŸĞµÑ€ĞµÑĞ¼Ğ¾Ñ‚Ñ€ĞµĞ» ĞºĞ»Ğ¸Ğ¿ ÑĞ¿ÑƒÑÑ‚Ñ Ğ³Ğ¾Ğ´. ĞœĞ½ĞµĞ½Ğ¸Ğµ Ğ½Ğµ Ğ¸Ğ·Ğ¼ĞµĞ½Ğ¸Ğ»Ğ¾ÑÑŒ =)', 'ĞÑ„Ğ¸Ğ³ĞµĞ½Ğ½Ñ‹Ğ¹ Ğ¼Ğ¾Ğ½Ñ‚Ğ°Ğ¶.', 'Ğ¡Ğ¿Ğ°ÑĞ¸Ğ±Ğ¾ Ğ·Ğ° Ğ¾Ñ‚Ğ»Ğ¸Ñ‡Ğ½Ñ‹Ğ¹ Ğ°Ğ²Ğ¼)\xa0', '\nExcellent', 'brilliant ^_^ well done !']"
821,m6gCJhxwDHI,[]
822,j2OhcqE1jcw,[]
823,jzvU2YYInqs,"['Ğ, ÑÑ‚Ğ°Ñ€Ğ°Ñ, Ğ´Ğ¾Ğ±Ñ€Ğ°Ñ, ĞºĞ»Ğ°ÑÑĞ¸ĞºĞ°. Ğ–Ğ°Ğ»ÑŒ ÑĞµĞ¹Ñ‡Ğ°Ñ Ñ‚Ğ°ĞºĞ¾Ğ³Ğ¾ Ğ½Ğµ Ğ´ĞµĞ»Ğ°ÑÑ‚. (', 'Ñ‰Ğ¸ĞºĞ°Ñ€Ğ½Ğ¾!!!!']"
824,yVxNMKtyTF4,['Ñ‡Ñ‚Ğ¾ Ğ·Ğ° Ğ°Ğ½Ğ¸Ğ¼Ğµ ?']
825,Vjq7M8be28s,[]
826,CCgB82KrmMM,"['Ğ³Ğ¾ÑĞ¿Ğ¾Ğ´Ğ¸ ÑÑ‚Ğ¾ Ğ¿Ñ€ĞµĞºÑ€Ğ°ÑĞ½Ğ¾ *Ñ‚ĞµÑ‡ĞµÑ‚ ĞºÑ€Ğ¾Ğ²ÑŒ Ğ¸Ğ· Ğ½Ğ¾ÑĞ°*', ""What's the name of this anime ?""]"
827,ij_RLj7eHns,['Ğ½ĞµÑ‚ ÑĞ»Ğ¾Ğ² Ğ¾Ñ‚ Ğ¼ÑƒĞ·Ñ‹ Ñƒ Ğ¼ĞµĞ½Ñ Ğ¼Ğ¾Ğ·Ğ³ Ğ²ÑĞºĞ¸Ğ¿ĞµĞ»(+)']
828,yBn8-scjlyQ,[]
829,8IK57-KAwe8,['ĞšÑ€ÑƒÑ‚Ğ¾ ÑĞ´ĞµĞ»Ğ°Ğ½Ğ¾!']
830,PCPzIcWqJ3k,"['Ğ¡ Ğ’Ğ¶Ğ¸ĞºĞ¾Ğ¼ Ğ½Ğµ ÑĞ¼ĞµÑˆĞ½Ğ¾ ĞºĞ°Ğº-Ñ‚Ğ¾, Ğ·Ğ½Ğ°Ñ Ñ‡Ñ‚Ğ¾ Ğ’Ğ¶Ğ¸Ğº ÑƒĞ½Ğ¾ÑĞ¸Ñ‚ Ğ³Ğ¾Ñ‚Ğ¾Ğ²ĞµĞ½ÑŒĞºĞ¾Ğ³Ğ¾... Ğ²ÑÑ‘ Ñ€Ğ°Ğ²Ğ½Ğ¾ Ğ½ĞµĞµĞµ) ĞÑƒ Ğ¼Ğ¾Ğ¶ĞµÑ‚ ĞµÑ‰Ñ‘ Ñ‚Ğ°Ğ½ĞµÑ† ÑƒÑ‚Ğ¾Ğº - Ğ»ÑĞ¿ - ÑÑ‚Ğ¾ Ğ¶ Ñ‚Ğ°Ğ½ĞµÑ† Ğ½Ğ° Ğ»ĞµĞ±ĞµĞ´Ğ¸Ğ½Ğ¾Ğ¼ Ğ¾Ğ·ĞµÑ€Ğµ. ĞœĞ¾Ğ¶Ñ‚ Ñƒ Ğ¼ĞµĞ½Ñ Ğ½Ğ°ÑÑ‚Ñ€Ğ¾ĞµĞ½Ğ¸Ñ Ğ¿Ñ€Ğ¾ÑÑ‚Ğ¾ Ñ‰Ğ°Ñ Ğ½ĞµÑ‚, Ñ…Ğ·.\nĞ Ğ¾ÑÑ‚Ğ°Ğ»ÑŒĞ½Ğ¾Ğµ - Ğ´Ğ¾Ğ±Ñ€Ğ¾Ñ‚Ğ½Ñ‹Ğ¹ Ğ¸ ĞºĞ°Ñ‡ĞµÑÑ‚Ğ²ĞµĞ½Ğ½Ñ‹Ğ¹ ÑĞ¼Ğ¾Ñ€Ğ¾Ğº!)', 'Ğ’Ğ¾Ñ‚ ÑÑ‚Ğ¾ - Ñ€ĞµĞ°Ğ»ÑŒĞ½Ğ¾ ĞºÑ€ÑƒÑ‚Ğ¾!!!']"
831,_s1qC49KDT8,"['Ğ¾Ñ‡ĞµĞ½ÑŒ Ğ¼Ğ¸Ğ»Ğ¾Ğµ Ğ²Ğ¸Ğ´ĞµĞ¾)', 'makes me smile', 'Ğ¡ÑƒĞ¿ĞµÑ€\xa0', 'ĞÑ‚Ñ€ĞµĞ·Ğ°Ğ»Ğ¸ ĞºĞ¾Ğ½ĞµÑ† Ğ¿ĞµÑĞ½Ğ¸ Ğ¿Ñ€Ğ¾ Ğ¡Ñ‚Ñ€Ğ°ÑÑ‚Ğ½ÑƒÑ Ğ˜ÑĞ¿Ğ°Ğ½ĞºÑƒ. Ğ’Ğ¸Ğ´Ğ¸Ğ¼Ğ¾ Ñ‚Ğ¸Ğ¿Ğ° ""Ğ½Ğµ ÑÑ‚Ğ¸Ñ‡Ğ½Ğ¾"", Ñ…Ğ¾Ñ€-Ñ‚Ğ¾ Ğ¶ĞµĞ½ÑĞºĞ¸Ğ¹.', 'ĞĞ²Ñ‚Ğ¾Ñ€, Ñ‚Ñ‹ Ğ¼Ğ¾Ğ»Ğ¾Ğ´ĞµÑ†!', 'ĞºĞ»Ğ°ÑÑĞ½Ñ‹Ğ¹ ĞºĞ»Ğ¸Ğ¿.', 'Ñƒ Ñ‚ĞµĞ±Ñ Ğ¿Ğ¾Ğ»ÑƒÑ‡Ğ¸Ğ»Ğ¾ÑÑŒ Ğ¿ĞµÑ€ĞµĞ´Ğ°Ñ‚ÑŒ ĞºĞ°Ğº Ğ¸ Ğ·Ğ°Ğ´ÑƒĞ¼Ğ°Ğ»! )']"
832,Vl9r90gQM50,[]
